Supercomputer,Partition,Model,Dataset/Model Type,Dataset,Framework,Benchmark Type,Concurrency Level,Number of Nodes,GPUs per Node,Total Used GPUs,Tensor,Pipeline,Max Model Length,Additional Arguments,GPU Memory Usage Avg (GB),GPU Memory Usage Peak (GB),Power Usage Avg (W),Power Usage Peak (W),TTFT (ms),ITL (ms),TPOT (ms),Output Throughput (tokens/s),Request Throughput (requests/s),Latency Score,Latency Score Scaled,Throughput Score,Energy Score (Tokens/Watt),Global Score
Leonardo,boost_usr_prod,Mistral-7B-Instruct-v0.3,Text Generation,sonnet,vllm,benchmark_serving.py,250,8,4,256,4,1,4096,--disable-log-requests --enforce-eager,58.23,58.26,168.73,367.88,219.33,20.49,20.49,11250.45,75.02,0.003841573508509085,38.41573508509085,149.04613389113211,66.6772358205417,85.07375091448915
Leonardo,boost_usr_prod,Mistral-7B-Instruct-v0.3,Text Generation,sonnet,vllm,benchmark_serving.py,250,2,4,16,4,1,4096,--disable-log-requests --enforce-eager,58.23,58.26,171.03,384.03,221.87,20.51,20.5,11293.7,75.31,0.003804017041996348,38.04017041996348,149.62227089254034,66.0334444249547,84.9359322622368
Leonardo,boost_usr_prod,Mistral-7B-Instruct-v0.3,Text Generation,sonnet,vllm,benchmark_serving.py,250,4,4,64,4,1,4096,--disable-log-requests --enforce-eager,58.23,58.26,167.12,361.57,242.87,20.34,20.32,11281.0,75.21,0.003526963637004903,35.26963637004903,149.42379719994608,67.502393489708,84.39653333050491
Leonardo,boost_usr_prod,Mistral-7B-Instruct-v0.3,Text Generation,sonnet,vllm,benchmark_serving.py,250,2,4,16,4,1,8192,--disable-log-requests --enforce-eager,58.23,58.26,169.57,362.96,222.66,20.58,20.58,11157.22,74.39,0.0037904631946023806,37.904631946023805,147.7945896981822,65.7971339269918,84.19281821566742
Leonardo,boost_usr_prod,Mistral-7B-Instruct-v0.3,Text Generation,sonnet,vllm,benchmark_serving.py,250,8,4,256,4,1,8192,--disable-log-requests --enforce-eager,58.23,58.26,168.77,371.93,227.83,20.58,20.58,11174.35,74.53,0.0037176103200862484,37.176103200862485,148.0723957407315,66.2105231972507,84.17185706326218
Leonardo,boost_usr_prod,Mistral-7B-Instruct-v0.3,Text Generation,sonnet,vllm,benchmark_serving.py,250,4,4,64,4,1,8192,--disable-log-requests --enforce-eager,58.23,58.26,170.18,368.25,235.96,20.74,20.69,11027.64,73.52,0.003605032625545261,36.05032625545261,146.0661935869765,64.79985897285226,82.65557161773863
Leonardo,boost_usr_prod,Mistral-7B-Instruct-v0.3,Text Generation,sonnet,vllm,benchmark_serving.py,300,4,4,64,4,1,4096,--disable-log-requests --enforce-eager,58.23,58.26,161.98,372.14,672.83,21.18,21.18,10966.89,73.11,0.0013982298410212671,13.982298410212671,145.25168983695653,67.70521051981726,75.80522337037905
Leonardo,boost_usr_prod,Mistral-7B-Instruct-v0.3,Text Generation,sonnet,vllm,benchmark_serving.py,300,4,4,64,4,1,8192,--disable-log-requests --enforce-eager,58.23,58.26,164.97,373.02,703.97,21.31,21.31,10832.57,72.24,0.0013394232443509825,13.394232443509825,143.52287784931602,65.66387828089955,74.36425854944865
Leonardo,boost_usr_prod,Mistral-7B-Instruct-v0.3,Text Generation,sonnet,vllm,benchmark_serving.py,300,8,4,256,4,1,4096,--disable-log-requests --enforce-eager,58.23,58.26,166.75,380.8,692.6,21.45,21.42,10810.56,72.09,0.0013596747657960216,13.596747657960217,143.22490760981933,64.83094452773612,74.0652650399206
Leonardo,boost_usr_prod,Mistral-7B-Instruct-v0.3,Text Generation,sonnet,vllm,benchmark_serving.py,300,2,4,16,4,1,8192,--disable-log-requests --enforce-eager,58.23,58.26,167.91,370.56,661.5,21.83,21.82,10777.07,71.87,0.0014181379848259234,14.181379848259233,142.78777851108035,64.18361026740516,73.90826912774511
Leonardo,boost_usr_prod,Mistral-7B-Instruct-v0.3,Text Generation,sonnet,vllm,benchmark_serving.py,300,2,4,16,4,1,4096,--disable-log-requests --enforce-eager,58.23,58.26,168.69,382.84,695.41,21.7,21.64,10726.37,71.52,0.0013536379018612521,13.536379018612521,142.0925722340198,63.58628253008477,73.26145383552212
Leonardo,boost_usr_prod,Mistral-7B-Instruct-v0.3,Text Generation,sonnet,vllm,benchmark_serving.py,300,8,4,256,4,1,8192,--disable-log-requests --enforce-eager,58.23,58.26,171.33,402.51,684.78,21.54,21.54,10741.68,71.63,0.001373890583353942,13.73890583353942,142.31101085606534,62.69585011381544,73.11964371088656
Leonardo,boost_usr_prod,Mistral-7B-Instruct-v0.3,Text Generation,sonnet,vllm,benchmark_serving.py,500,2,4,16,4,1,8192,--disable-log-requests --enforce-eager,58.23,58.26,165.5,366.5,2664.5,21.18,21.17,11127.37,74.18,0.00036943310490053017,3.6943310490053016,147.3775158973535,67.23486404833838,72.8795844572303
Leonardo,boost_usr_prod,Mistral-7B-Instruct-v0.3,Text Generation,sonnet,vllm,benchmark_serving.py,500,8,4,256,4,1,4096,--disable-log-requests --enforce-eager,58.23,58.26,167.07,371.32,2674.6,21.33,21.33,11089.14,73.93,0.0003680177826192562,3.680177826192562,146.88076312340604,66.37421440114922,72.43046853123128
Leonardo,boost_usr_prod,Mistral-7B-Instruct-v0.3,Text Generation,sonnet,vllm,benchmark_serving.py,500,4,4,64,4,1,4096,--disable-log-requests --enforce-eager,58.23,58.26,164.94,364.89,2701.63,21.56,21.55,10950.87,73.01,0.00036433323374891605,3.6433323374891606,145.05292486855808,66.39305201891598,71.80250409610917
Leonardo,boost_usr_prod,Mistral-7B-Instruct-v0.3,Text Generation,sonnet,vllm,benchmark_serving.py,500,4,4,64,4,1,8192,--disable-log-requests --enforce-eager,58.23,58.26,165.42,370.99,2701.5,21.53,21.53,10920.35,72.8,0.0003643571282828577,3.643571282828577,144.6357922888344,66.01589892395116,71.54007127002978
Leonardo,boost_usr_prod,Mistral-7B-Instruct-v0.3,Text Generation,sonnet,vllm,benchmark_serving.py,500,8,4,256,4,1,8192,--disable-log-requests --enforce-eager,58.23,58.26,169.1,418.59,2699.57,21.6,21.6,10952.55,73.03,0.00036459491681766973,3.6459491681766973,145.09254415640717,64.76966292134831,71.29737986518998
Leonardo,boost_usr_prod,Mistral-7B-Instruct-v0.3,Text Generation,sonnet,vllm,benchmark_serving.py,500,2,4,16,4,1,4096,--disable-log-requests --enforce-eager,58.23,58.26,168.72,381.04,2760.58,21.54,21.54,10887.44,72.61,0.00035667662983386003,3.5667662983386004,144.25792188904248,64.52963489805596,70.90987715108747
Leonardo,boost_usr_prod,Mistral-7B-Instruct-v0.3,Text Generation,sonnet,vllm,benchmark_serving.py,1000,2,4,16,4,1,4096,--disable-log-requests --enforce-eager,58.23,58.26,164.87,371.87,5696.57,21.08,21.08,10828.28,72.22,0.00017425458245988226,1.7425458245988226,143.48302951240768,65.67768544914175,70.39355495830758
Leonardo,boost_usr_prod,Mistral-7B-Instruct-v0.3,Text Generation,sonnet,vllm,benchmark_serving.py,1000,8,4,256,4,1,8192,--disable-log-requests --enforce-eager,58.23,58.26,166.72,409.31,5723.83,21.18,21.18,10745.51,71.65,0.00017342473973282183,1.7342473973282182,142.3508187916237,64.45243522072937,69.61370177487706
Leonardo,boost_usr_prod,Mistral-7B-Instruct-v0.3,Text Generation,sonnet,vllm,benchmark_serving.py,1000,2,4,16,4,1,8192,--disable-log-requests --enforce-eager,58.23,58.26,164.22,375.97,5814.42,21.39,21.39,10671.66,71.14,0.00017073004165813014,1.7073004165813015,141.3378062330119,64.98392400438436,69.43019194226468
Leonardo,boost_usr_prod,Mistral-7B-Instruct-v0.3,Text Generation,sonnet,vllm,benchmark_serving.py,1000,8,4,256,4,1,4096,--disable-log-requests --enforce-eager,58.23,58.26,165.09,373.13,5796.23,21.42,21.42,10663.36,71.09,0.00017126014930459818,1.7126014930459819,141.2383983157032,64.5911926827791,69.27252159346403
Leonardo,boost_usr_prod,Mistral-7B-Instruct-v0.3,Text Generation,sonnet,vllm,benchmark_serving.py,1000,4,4,64,4,1,8192,--disable-log-requests --enforce-eager,58.23,58.26,165.71,374.06,5798.58,21.53,21.51,10639.16,70.96,0.00017118539035404563,1.7118539035404563,140.97970771569317,64.20348802124192,69.06024711733686
Leonardo,boost_usr_prod,Mistral-7B-Instruct-v0.3,Text Generation,sonnet,vllm,benchmark_serving.py,1000,4,4,64,4,1,4096,--disable-log-requests --enforce-eager,58.23,58.26,165.64,369.75,5773.28,21.52,21.52,10577.92,70.52,0.0001719300176056338,1.719300176056338,140.10595324761184,63.86090316348709,68.65607517636305
Leonardo,boost_usr_prod,Llama-3.1-8B-Instruct,Text Generation,sonnet,vllm,benchmark_serving.py,250,2,4,16,4,1,4096,--disable-log-requests --enforce-eager,58.32,58.34,178.11,356.45,218.08,30.75,30.75,7735.51,51.57,0.0035767937620716783,35.767937620716786,102.45695451953749,43.43108191567009,60.894409540700885
Leonardo,boost_usr_prod,Llama-3.1-8B-Instruct,Text Generation,sonnet,vllm,benchmark_serving.py,250,8,4,256,4,1,8192,--disable-log-requests --enforce-eager,58.32,58.34,178.78,357.49,225.89,30.78,30.77,7727.53,51.52,0.003478986919009185,34.78986919009185,102.35757466528689,43.22368273856136,60.46170938716841
Leonardo,boost_usr_prod,Llama-3.1-8B-Instruct,Text Generation,sonnet,vllm,benchmark_serving.py,250,2,4,16,4,1,8192,--disable-log-requests --enforce-eager,58.32,58.34,180.05,359.48,235.63,30.57,30.57,7739.28,51.6,0.0033696128314856626,33.69612831485662,102.51649313042942,42.98405998333796,60.06719048606541
Leonardo,boost_usr_prod,Llama-3.1-8B-Instruct,Text Generation,sonnet,vllm,benchmark_serving.py,250,4,4,64,4,1,4096,--disable-log-requests --enforce-eager,58.32,58.34,181.12,355.82,238.35,30.51,30.5,7762.93,51.75,0.003340459647247461,33.40459647247461,102.81460725199241,42.86070008833922,60.029953294587344
Leonardo,boost_usr_prod,Llama-3.1-8B-Instruct,Text Generation,sonnet,vllm,benchmark_serving.py,250,4,4,64,4,1,8192,--disable-log-requests --enforce-eager,58.32,58.34,182.6,353.78,228.6,30.63,30.63,7715.41,51.44,0.003449941350997033,34.49941350997033,102.19862374064131,42.25306681270537,59.99831404527369
Leonardo,boost_usr_prod,Llama-3.1-8B-Instruct,Text Generation,sonnet,vllm,benchmark_serving.py,250,8,4,256,4,1,4096,--disable-log-requests --enforce-eager,58.32,58.34,179.41,354.89,239.43,30.71,30.71,7697.7,51.32,0.003323915572544458,33.239155725444576,101.96023858500817,42.905635137394796,59.697597309520276
Leonardo,boost_usr_prod,Mistral-7B-Instruct-v0.3,Text Generation,sharegpt,vllm,benchmark_serving.py,250,4,4,64,4,1,8192,--disable-log-requests --enforce-eager,58.23,58.26,147.38,345.15,117.27,21.36,21.34,7056.58,31.18,0.006251172094767769,62.511720947677695,62.08567005654819,47.880173700637805,57.684768525640905
Leonardo,boost_usr_prod,Mistral-7B-Instruct-v0.3,Text Generation,sharegpt,vllm,benchmark_serving.py,250,8,4,256,4,1,4096,--disable-log-requests --enforce-eager,58.23,58.26,173.72,345.51,119.31,21.06,21.11,7204.06,31.37,0.006192717364379489,61.92717364379489,62.46798385168539,41.46937600736818,55.564553870821115
Leonardo,boost_usr_prod,Mistral-7B-Instruct-v0.3,Text Generation,sharegpt,vllm,benchmark_serving.py,250,4,4,64,4,1,4096,--disable-log-requests --enforce-eager,58.23,58.26,172.1,339.08,122.88,21.14,21.11,7162.87,31.32,0.006055834796826743,60.55834796826743,62.3672959429762,41.62039511911679,55.11324536794021
Leonardo,boost_usr_prod,Mistral-7B-Instruct-v0.3,Text Generation,sharegpt,vllm,benchmark_serving.py,250,8,4,256,4,1,8192,--disable-log-requests --enforce-eager,58.23,58.26,171.99,350.06,126.47,21.22,21.07,7171.26,31.3,0.005925574780753734,59.25574780753734,62.327960614003906,41.695796267224836,54.68111566883598
Leonardo,boost_usr_prod,Mistral-7B-Instruct-v0.3,Text Generation,sharegpt,vllm,benchmark_serving.py,250,2,4,16,4,1,8192,--disable-log-requests --enforce-eager,58.23,58.26,173.03,340.77,137.35,21.39,21.3,7130.81,30.99,0.00555432126194179,55.5432126194179,61.7118048256025,41.211408426284464,53.054356627717965
Leonardo,boost_usr_prod,Llama-3.1-8B-Instruct,Text Generation,sonnet,vllm,benchmark_serving.py,300,8,4,256,4,1,4096,--disable-log-requests --enforce-eager,58.32,58.34,179.66,356.75,861.99,31.48,31.46,7668.29,51.12,0.0010811628988139643,10.811628988139644,101.56293934380994,42.68223310697985,51.865667827096416
Leonardo,boost_usr_prod,Llama-3.1-8B-Instruct,Text Generation,sonnet,vllm,benchmark_serving.py,300,8,4,256,4,1,8192,--disable-log-requests --enforce-eager,58.32,58.34,177.57,368.05,869.7,31.54,31.54,7640.65,50.94,0.0010720641523188747,10.720641523188746,101.20526731144015,43.028946331024386,51.82407182970163
Leonardo,boost_usr_prod,Llama-3.1-8B-Instruct,Text Generation,sonnet,vllm,benchmark_serving.py,300,4,4,64,4,1,4096,--disable-log-requests --enforce-eager,58.32,58.34,179.37,355.5,878.88,31.44,31.41,7657.76,51.05,0.0010618754844806898,10.6187548448069,101.42386386485072,42.69253498355355,51.756101556020724
Leonardo,boost_usr_prod,Llama-3.1-8B-Instruct,Text Generation,sonnet,vllm,benchmark_serving.py,300,2,4,16,4,1,8192,--disable-log-requests --enforce-eager,58.32,58.34,179.62,374.61,889.46,31.14,31.14,7651.34,51.01,0.0010507071258957278,10.507071258957279,101.34435682616343,42.59737223026389,51.660644662625494
Leonardo,boost_usr_prod,Llama-3.1-8B-Instruct,Text Generation,sonnet,vllm,benchmark_serving.py,300,2,4,16,4,1,4096,--disable-log-requests --enforce-eager,58.32,58.34,177.53,364.08,877.0,31.62,31.62,7613.83,50.76,0.001063558240449247,10.63558240449247,100.84766720724787,42.88756829831578,51.628326723452766
Leonardo,boost_usr_prod,Llama-3.1-8B-Instruct,Text Generation,sonnet,vllm,benchmark_serving.py,300,4,4,64,4,1,8192,--disable-log-requests --enforce-eager,58.43,58.71,179.86,364.76,889.23,31.47,31.45,7624.97,50.83,0.0010502546867615396,10.502546867615395,100.98679619062507,42.39391749138218,51.472430237044065
Leonardo,boost_usr_prod,Mistral-7B-Instruct-v0.3,Text Generation,sharegpt,vllm,benchmark_serving.py,250,2,4,16,4,1,4096,--disable-log-requests --enforce-eager,58.23,58.26,169.13,341.1,161.87,21.45,21.34,7125.25,30.69,0.00488615264340858,48.8615264340858,61.11675684815692,42.128835806775854,50.873843774130805
Leonardo,boost_usr_prod,Llama-3.1-8B-Instruct,Text Generation,sharegpt,vllm,benchmark_serving.py,250,4,4,64,4,1,8192,--disable-log-requests --enforce-eager,58.32,58.34,161.67,327.78,131.16,29.87,30.67,5916.42,29.82,0.005216484089723527,52.164840897235266,59.34090934775588,36.59565782148822,49.62256558617322
Leonardo,boost_usr_prod,Llama-3.1-8B-Instruct,Text Generation,sonnet,vllm,benchmark_serving.py,500,2,4,16,4,1,8192,--disable-log-requests --enforce-eager,58.32,58.34,176.5,360.54,3899.34,31.56,31.56,7622.5,50.82,0.00025236847816760295,2.5236847816760295,100.96684355663521,43.186968838526916,49.00660966335444
Leonardo,boost_usr_prod,Llama-3.1-8B-Instruct,Text Generation,sonnet,vllm,benchmark_serving.py,500,4,4,64,4,1,4096,--disable-log-requests --enforce-eager,58.32,58.34,176.83,361.76,3929.9,31.8,31.8,7573.07,50.49,0.00025040691123074993,2.504069112307499,100.31122055837432,42.82683933721653,48.66178707594111
Leonardo,boost_usr_prod,Llama-3.1-8B-Instruct,Text Generation,sonnet,vllm,benchmark_serving.py,500,8,4,256,4,1,4096,--disable-log-requests --enforce-eager,58.32,58.34,173.98,351.21,3939.25,31.91,31.9,7533.74,50.22,0.0002498088961944113,2.498088961944113,99.7748993401864,43.3023336015634,48.629562775224656
Leonardo,boost_usr_prod,Llama-3.1-8B-Instruct,Text Generation,sonnet,vllm,benchmark_serving.py,500,2,4,16,4,1,4096,--disable-log-requests --enforce-eager,58.32,58.34,178.79,363.52,3950.37,32.16,32.16,7497.59,49.98,0.0002490852344763855,2.4908523447638546,99.29806499310374,41.93517534537726,48.02748800539571
Leonardo,boost_usr_prod,Llama-3.1-8B-Instruct,Text Generation,sonnet,vllm,benchmark_serving.py,500,4,4,64,4,1,8192,--disable-log-requests --enforce-eager,58.69,58.71,182.06,367.6,3954.39,31.88,31.87,7534.18,50.23,0.00024887136834455745,2.4887136834455745,99.79467391662634,41.38295067560145,48.01889600021692
Leonardo,boost_usr_prod,Llama-3.1-8B-Instruct,Text Generation,sonnet,vllm,benchmark_serving.py,1000,2,4,16,4,1,8192,--disable-log-requests --enforce-eager,58.53,58.71,176.58,368.03,8047.48,31.12,31.12,7513.75,50.09,0.00012330881954000878,1.2330881954000878,99.51657821952871,42.551534715143276,47.871377689921644
Leonardo,boost_usr_prod,Llama-3.1-8B-Instruct,Text Generation,sonnet,vllm,benchmark_serving.py,1000,4,4,64,4,1,4096,--disable-log-requests --enforce-eager,58.32,58.34,175.2,347.54,8076.24,31.43,31.4,7488.3,49.92,0.00012286416015589005,1.2286416015589006,99.17883426060796,42.74143835616439,47.81580206710934
Leonardo,boost_usr_prod,Llama-3.1-8B-Instruct,Text Generation,sonnet,vllm,benchmark_serving.py,1000,8,4,256,4,1,4096,--disable-log-requests --enforce-eager,58.53,58.71,174.9,363.98,8163.86,31.32,31.32,7471.41,49.81,0.000121558378411232,1.21558378411232,98.96025700617719,42.71818181818182,47.72960405051661
Leonardo,boost_usr_prod,Llama-3.1-8B-Instruct,Text Generation,sharegpt,vllm,benchmark_serving.py,250,8,4,256,4,1,4096,--disable-log-requests --enforce-eager,58.56,58.7,180.38,327.98,138.21,30.05,30.63,5916.1,29.76,0.00502790487203982,50.2790487203982,59.22209268297606,32.79798203791995,47.72574232928164
Leonardo,boost_usr_prod,Llama-3.1-8B-Instruct,Text Generation,sonnet,vllm,benchmark_serving.py,500,8,4,256,4,1,8192,--disable-log-requests --enforce-eager,58.32,58.34,176.93,363.63,4010.9,32.28,32.27,7410.68,49.4,0.000245371676747353,2.45371676747353,98.14575500530825,41.884813202961624,47.606960627693525
Leonardo,boost_usr_prod,Llama-3.1-8B-Instruct,Text Generation,sonnet,vllm,benchmark_serving.py,1000,2,4,16,4,1,4096,--disable-log-requests --enforce-eager,58.48,58.71,177.59,364.91,8134.14,31.68,31.62,7432.26,49.55,0.00012198930397782722,1.2198930397782721,98.44368755688797,41.850667267301084,47.27783092840287
Leonardo,boost_usr_prod,Llama-3.1-8B-Instruct,Text Generation,sharegpt,vllm,benchmark_serving.py,250,2,4,16,4,1,4096,--disable-log-requests --enforce-eager,58.32,58.34,184.31,330.44,142.25,29.69,30.41,5916.33,29.82,0.004941932295527552,49.41932295527552,59.340904820766376,32.099886061526774,47.250440983542816
Leonardo,boost_usr_prod,Llama-3.1-8B-Instruct,Text Generation,sonnet,vllm,benchmark_serving.py,1000,8,4,256,4,1,8192,--disable-log-requests --enforce-eager,58.32,58.34,175.59,359.48,8158.92,31.75,31.75,7397.92,49.32,0.00012161869619892926,1.2161869619892927,97.98674794957596,42.13178427017484,47.21116883638814
Leonardo,boost_usr_prod,Llama-3.1-8B-Instruct,Text Generation,sonnet,vllm,benchmark_serving.py,1000,4,4,64,4,1,8192,--disable-log-requests --enforce-eager,58.69,58.71,180.19,362.73,8142.3,31.54,31.52,7441.64,49.61,0.00012187155712851112,1.2187155712851112,98.56292618721842,41.298851212608916,47.141390585926054
Leonardo,boost_usr_prod,Llama-3.1-8B-Instruct,Text Generation,sharegpt,vllm,benchmark_serving.py,250,8,4,256,4,1,8192,--disable-log-requests --enforce-eager,58.56,58.7,183.32,331.03,143.9,29.78,30.53,5908.01,29.82,0.004896919837422261,48.969198374222614,59.34048573300347,32.22785293475889,47.13820553557972
Leonardo,boost_usr_prod,Llama-3.1-8B-Instruct,Text Generation,sharegpt,vllm,benchmark_serving.py,250,4,4,64,4,1,4096,--disable-log-requests --enforce-eager,58.32,58.34,185.18,341.83,148.56,29.83,30.4,5924.48,29.86,0.004789501412902917,47.89501412902917,59.420514381106884,31.993087806458576,46.725067791513005
Leonardo,boost_usr_prod,Mistral-7B-Instruct-v0.3,Text Generation,sonnet,vllm,benchmark_serving.py,150,8,4,256,4,1,8192,--disable-log-requests --enforce-eager,58.23,58.26,199.31,421.31,265.99,23.19,23.04,5827.2,38.85,0.003202869771315098,32.028697713150976,77.18540414759507,29.23686719181175,46.48859213403342
Leonardo,boost_usr_prod,Llama-3.1-8B-Instruct,Text Generation,sharegpt,vllm,benchmark_serving.py,250,2,4,16,4,1,8192,--disable-log-requests --enforce-eager,58.32,58.34,183.45,335.92,154.57,29.8,30.31,5891.09,29.76,0.004658095770449041,46.58095770449041,59.22083430588514,32.11278277459799,46.248699771399046
Leonardo,boost_usr_prod,Mistral-7B-Instruct-v0.3,Text Generation,sonnet,vllm,benchmark_serving.py,150,2,4,16,4,1,8192,--disable-log-requests --enforce-eager,58.23,58.26,197.59,393.63,285.07,23.05,22.93,5833.91,38.9,0.0030206917384080953,30.206917384080953,77.28467258433356,29.525330229262615,45.995246262624974
Leonardo,boost_usr_prod,Mistral-7B-Instruct-v0.3,Text Generation,sonnet,vllm,benchmark_serving.py,150,2,4,16,4,1,4096,--disable-log-requests --enforce-eager,58.23,58.26,195.88,404.68,281.39,23.19,23.02,5800.9,38.68,0.003052503052503053,30.52503052503053,76.84758561403389,29.61455993465387,45.98334866637114
Leonardo,boost_usr_prod,Mistral-7B-Instruct-v0.3,Text Generation,sonnet,vllm,benchmark_serving.py,150,4,4,64,4,1,4096,--disable-log-requests --enforce-eager,58.23,58.26,195.12,422.51,290.38,23.22,22.91,5818.0,38.79,0.0029716798906421794,29.716798906421793,77.0661813040932,29.817548175481754,45.84782868772926
Leonardo,boost_usr_prod,Mistral-7B-Instruct-v0.3,Text Generation,sonnet,vllm,benchmark_serving.py,150,8,4,256,4,1,4096,--disable-log-requests --enforce-eager,58.23,58.26,194.41,414.77,290.4,23.36,23.1,5803.63,38.69,0.002968592293534406,29.68592293534406,76.86756107162908,29.852528162131577,45.780993574252975
Leonardo,boost_usr_prod,Mistral-7B-Instruct-v0.3,Text Generation,sonnet,vllm,benchmark_serving.py,150,4,4,64,4,1,8192,--disable-log-requests --enforce-eager,58.23,58.26,198.4,422.72,329.47,23.1,22.75,5815.3,38.77,0.002664393051262922,26.64393051262922,77.0264725225356,29.310987903225808,44.6274531609883
Leonardo,boost_usr_prod,Mistral-7B-Instruct-v0.3,Text Generation,sharegpt,vllm,benchmark_serving.py,150,4,4,64,4,1,8192,--disable-log-requests --enforce-eager,58.23,58.26,161.06,401.51,152.51,20.42,21.49,5326.14,23.37,0.0051435037547577405,51.4350375475774,46.53581049479298,33.06929094747299,43.89226143759729
Leonardo,boost_usr_prod,Mistral-7B-Instruct-v0.3,Text Generation,sharegpt,sglang,benchmark_serving.py,500,2,4,16,4,1,4096,,27.11,53.71,104.11,202.49,446.34,52.12,62.78,6235.13,27.26,0.0017817689402038343,17.817689402038344,54.282676039020245,59.88982806646816,43.67886923122973
Leonardo,boost_usr_prod,Mistral-7B-Instruct-v0.3,Text Generation,sharegpt,sglang,benchmark_serving.py,250,2,4,16,4,1,4096,,27.11,53.71,102.19,203.1,160.01,43.5,47.73,4774.03,21.27,0.003980257920713263,39.802579207132624,42.351309865910366,46.71719346315686,42.881824193044814
Leonardo,boost_usr_prod,Mistral-7B-Instruct-v0.3,Text Generation,sharegpt,vllm,benchmark_serving.py,150,2,4,16,4,1,4096,--disable-log-requests --enforce-eager,58.23,58.26,174.01,390.67,157.24,20.38,21.53,5350.31,23.18,0.005021340697966357,50.21340697966357,46.1600136224316,30.747140968909836,42.60604811476351
Leonardo,boost_usr_prod,Mistral-7B-Instruct-v0.3,Text Generation,sharegpt,vllm,benchmark_serving.py,150,4,4,64,4,1,4096,--disable-log-requests --enforce-eager,58.23,58.26,179.09,397.65,153.89,20.61,21.61,5306.1,23.2,0.005099179032175819,50.99179032175819,46.198007242977496,29.628119939695125,42.52552955271258
Leonardo,boost_usr_prod,Mistral-7B-Instruct-v0.3,Text Generation,sharegpt,vllm,benchmark_serving.py,150,8,4,256,4,1,8192,--disable-log-requests --enforce-eager,58.23,58.26,185.31,389.01,155.97,20.58,21.66,5292.21,23.0,0.005045154129458654,50.45154129458654,45.80094859845613,28.558685446009388,41.86462590635752
Leonardo,boost_usr_prod,Mistral-7B-Instruct-v0.3,Text Generation,sharegpt,vllm,benchmark_serving.py,150,2,4,16,4,1,8192,--disable-log-requests --enforce-eager,58.23,58.26,185.28,390.68,159.23,20.54,21.59,5320.78,23.28,0.004966229638458483,49.66229638458483,46.357173534728275,28.717508635578582,41.836222535951606
Leonardo,boost_usr_prod,Mistral-7B-Instruct-v0.3,Text Generation,sharegpt,vllm,benchmark_serving.py,150,8,4,256,4,1,4096,--disable-log-requests --enforce-eager,58.23,58.26,187.0,389.29,158.67,20.55,21.66,5328.71,23.11,0.004978096375945838,49.78096375945838,46.0204147747869,28.49577540106952,41.691116829985646
Leonardo,boost_usr_prod,Llama-3.1-8B-Instruct,Text Generation,sharegpt,vllm,benchmark_serving.py,150,4,4,64,4,1,8192,--disable-log-requests --enforce-eager,58.32,58.34,169.18,377.91,158.23,25.52,26.84,4606.87,23.22,0.0047485635595232445,47.485635595232445,46.20710241053629,27.230582811206997,40.56931742154761
Leonardo,boost_usr_prod,Mistral-7B-Instruct-v0.3,Text Generation,sharegpt,vllm,benchmark_serving.py,300,4,4,64,4,1,8192,--disable-log-requests --enforce-eager,58.23,58.26,157.07,346.04,710.39,22.41,23.09,7000.23,30.68,0.001322943814576195,13.22943814576195,61.09225019236486,44.56758133316356,39.531000061575455
Leonardo,boost_usr_prod,Mistral-7B-Instruct-v0.3,Text Generation,sharegpt,vllm,benchmark_serving.py,300,2,4,16,4,1,8192,--disable-log-requests --enforce-eager,58.23,58.26,168.98,345.04,719.44,22.09,23.15,7068.74,31.1,0.0013077365695454307,13.077365695454306,61.92754033893722,41.83181441590721,38.88784866478343
Leonardo,boost_usr_prod,Llama-3.1-8B-Instruct,Text Generation,sharegpt,vllm,benchmark_serving.py,150,4,4,64,4,1,4096,--disable-log-requests --enforce-eager,58.32,58.34,188.65,394.91,167.87,25.65,26.84,4581.51,23.14,0.004538028680341259,45.380286803412595,46.047426579653184,24.285767293930558,38.856868084300146
Leonardo,boost_usr_prod,Mistral-7B-Instruct-v0.3,Text Generation,sharegpt,vllm,benchmark_serving.py,300,4,4,64,4,1,4096,--disable-log-requests --enforce-eager,58.23,58.26,170.0,342.76,712.76,22.34,23.45,7075.44,31.08,0.0013183046602069737,13.183046602069737,61.888146434541795,41.62023529411764,38.84268092656557
Leonardo,boost_usr_prod,Llama-3.1-8B-Instruct,Text Generation,sharegpt,vllm,benchmark_serving.py,150,8,4,256,4,1,8192,--disable-log-requests --enforce-eager,58.32,58.34,188.11,382.55,168.38,26.0,27.12,4550.6,23.04,0.004514672686230248,45.14672686230248,45.84786909332611,24.191164744032747,38.679335343004205
Leonardo,boost_usr_prod,Mistral-7B-Instruct-v0.3,Text Generation,sharegpt,sglang,benchmark_serving.py,300,2,4,16,4,1,4096,,27.11,53.71,103.32,202.22,260.87,48.67,57.44,4825.94,21.25,0.002724944138645158,27.24944138645158,42.31368070985457,46.70867208672087,38.59823658049477
Leonardo,boost_usr_prod,Llama-3.1-8B-Instruct,Text Generation,sharegpt,vllm,benchmark_serving.py,150,8,4,256,4,1,4096,--disable-log-requests --enforce-eager,58.32,58.34,188.44,374.28,175.67,25.8,26.84,4572.98,23.08,0.004380009636021199,43.80009636021199,45.928198674516864,24.267565272765864,38.27324119909289
Leonardo,boost_usr_prod,Mistral-7B-Instruct-v0.3,Text Generation,sharegpt,vllm,benchmark_serving.py,500,2,4,16,4,1,4096,--disable-log-requests --enforce-eager,58.23,58.26,146.37,337.73,2124.48,23.76,23.37,4753.18,38.87,0.00046048784081856314,4.604878408185631,77.10942356611471,32.47373095579695,38.17445657711714
Leonardo,boost_usr_prod,Llama-3.1-8B-Instruct,Text Generation,sharegpt,vllm,benchmark_serving.py,150,2,4,16,4,1,8192,--disable-log-requests --enforce-eager,58.32,58.34,184.7,392.16,181.77,25.83,26.89,4572.58,23.16,0.004264574182267901,42.64574182267901,46.08657269558331,24.75679480238224,38.091161272971505
Leonardo,boost_usr_prod,Mistral-7B-Instruct-v0.3,Text Generation,sharegpt,vllm,benchmark_serving.py,300,2,4,16,4,1,4096,--disable-log-requests --enforce-eager,58.23,58.26,168.22,341.08,768.49,22.55,22.75,6927.37,30.44,0.001228818245493309,12.288182454933091,60.61365366401209,41.18041849958388,37.96435820030821
Leonardo,boost_usr_prod,Mistral-7B-Instruct-v0.3,Text Generation,sharegpt,vllm,benchmark_serving.py,300,8,4,256,4,1,8192,--disable-log-requests --enforce-eager,58.23,58.26,171.91,346.11,777.99,22.32,23.58,7012.42,30.62,0.0012137542633118498,12.137542633118498,60.97375576455621,40.791227968122854,37.91103440500872
Leonardo,boost_usr_prod,Llama-3.1-8B-Instruct,Text Generation,sharegpt,vllm,benchmark_serving.py,150,2,4,16,4,1,4096,--disable-log-requests --enforce-eager,58.32,58.34,190.6,384.15,186.44,25.54,26.8,4589.78,23.23,0.004187955440154116,41.879554401541164,46.22603870357966,24.080692549842603,37.66172327169072
Leonardo,boost_usr_prod,Mistral-7B-Instruct-v0.3,Text Generation,sharegpt,vllm,benchmark_serving.py,300,8,4,256,4,1,4096,--disable-log-requests --enforce-eager,58.23,58.26,175.27,351.97,771.72,22.38,23.87,6976.04,30.65,0.00122253872391408,12.2253872391408,61.031849846361105,39.80167741199292,37.64399738090839
Leonardo,boost_usr_prod,Llama-3.1-8B-Instruct,Text Generation,sonnet,vllm,benchmark_serving.py,150,4,4,64,4,1,8192,--disable-log-requests --enforce-eager,58.32,58.34,204.28,417.68,314.85,29.2,29.08,4656.62,31.04,0.002680031088360625,26.80031088360625,61.6689285485722,22.79528098688075,37.37403132274252
Leonardo,boost_usr_prod,Llama-3.1-8B-Instruct,Text Generation,sonnet,vllm,benchmark_serving.py,150,8,4,256,4,1,8192,--disable-log-requests --enforce-eager,58.32,58.34,202.76,417.39,320.04,29.3,29.24,4630.6,30.87,0.0026414496275556022,26.414496275556022,61.331134599171506,22.837837837837842,37.14162260551547
Leonardo,boost_usr_prod,Llama-3.1-8B-Instruct,Text Generation,sonnet,vllm,benchmark_serving.py,150,2,4,16,4,1,4096,--disable-log-requests --enforce-eager,58.32,58.34,203.45,407.04,315.03,29.46,29.32,4614.88,30.77,0.0026751558278269713,26.751558278269712,61.13239594028823,22.683116244777587,37.139141632638534
Leonardo,boost_usr_prod,Llama-3.1-8B-Instruct,Text Generation,sonnet,vllm,benchmark_serving.py,150,8,4,256,4,1,4096,--disable-log-requests --enforce-eager,58.32,58.34,200.61,390.63,326.48,29.31,29.12,4629.92,30.87,0.002598009924397911,25.98009924397911,61.33107494652194,23.07920841433627,37.07114591735797
Leonardo,boost_usr_prod,Llama-3.1-8B-Instruct,Text Generation,sonnet,vllm,benchmark_serving.py,150,4,4,64,4,1,4096,--disable-log-requests --enforce-eager,58.32,58.34,201.02,411.96,332.07,29.15,29.11,4607.42,30.72,0.002561934773140676,25.619347731406762,61.0330617014579,22.920206944582628,36.79628542944043
Leonardo,boost_usr_prod,Llama-3.1-8B-Instruct,Text Generation,sonnet,vllm,benchmark_serving.py,150,2,4,16,4,1,8192,--disable-log-requests --enforce-eager,58.32,58.34,201.49,424.09,335.9,29.41,29.34,4593.63,30.62,0.002533890789306981,25.33890789306981,60.83449233929826,22.79830264529257,36.594412925498766
Leonardo,boost_usr_prod,Mistral-7B-Instruct-v0.3,Text Generation,sharegpt,vllm,benchmark_serving.py,500,4,4,64,4,1,8192,--disable-log-requests --enforce-eager,58.23,58.26,160.93,345.18,3284.29,22.64,22.75,6898.91,30.03,0.0003003291607601932,3.003291607601932,59.79970018502109,42.869011371403715,35.07110084834102
Leonardo,boost_usr_prod,Mistral-7B-Instruct-v0.3,Text Generation,sharegpt,vllm,benchmark_serving.py,1000,2,4,16,4,1,8192,--disable-log-requests --enforce-eager,58.23,58.26,171.36,344.72,5929.42,22.06,22.16,7145.73,31.06,0.00016740211998044743,1.6740211998044743,61.85115456910401,41.7001050420168,34.942593374874264
Leonardo,boost_usr_prod,Mistral-7B-Instruct-v0.3,Text Generation,sharegpt,vllm,benchmark_serving.py,500,2,4,16,4,1,8192,--disable-log-requests --enforce-eager,58.23,58.26,167.56,345.3,3250.32,22.79,22.63,6856.96,30.29,0.00030342199323975797,3.03421993239758,60.31357026389341,40.92241585103844,34.63342173907124
Leonardo,boost_usr_prod,Mistral-7B-Instruct-v0.3,Text Generation,sharegpt,vllm,benchmark_serving.py,500,4,4,64,4,1,4096,--disable-log-requests --enforce-eager,58.23,58.26,168.99,339.34,3264.62,22.68,22.79,6921.4,30.24,0.00030210658924681807,3.021065892468181,60.21690881576145,40.95745310373395,34.60729639399294
Leonardo,boost_usr_prod,Mistral-7B-Instruct-v0.3,Text Generation,sharegpt,vllm,benchmark_serving.py,500,8,4,256,4,1,8192,--disable-log-requests --enforce-eager,58.23,58.26,170.06,347.93,3248.89,22.59,22.88,6929.59,30.06,0.000303549096030792,3.03549096030792,59.860330735022586,40.74791250147007,34.4239113768828
Leonardo,boost_usr_prod,Mistral-7B-Instruct-v0.3,Text Generation,sharegpt,vllm,benchmark_serving.py,1000,4,4,64,4,1,8192,--disable-log-requests --enforce-eager,58.23,58.26,167.53,347.29,5892.39,22.47,22.67,6967.25,30.21,0.00016842020166634946,1.6842020166634946,60.15914989153208,41.588073777830836,34.33492325769237
Leonardo,boost_usr_prod,Llama-3.1-8B-Instruct,Text Generation,sharegpt,vllm,benchmark_serving.py,300,4,4,64,4,1,8192,--disable-log-requests --enforce-eager,58.52,58.71,159.72,333.61,1029.05,31.92,33.94,5720.31,28.82,0.0009133170762893753,9.133170762893753,57.35105457695338,35.81461307287754,34.065312798868845
Leonardo,boost_usr_prod,Mistral-7B-Instruct-v0.3,Text Generation,sharegpt,vllm,benchmark_serving.py,1000,8,4,256,4,1,8192,--disable-log-requests --enforce-eager,58.23,58.26,172.26,345.51,6030.19,22.24,22.31,6914.23,30.08,0.00016461609879599786,1.6461609879599786,59.899410711791376,40.138337396958086,33.76976234494205
Leonardo,boost_usr_prod,Mistral-7B-Instruct-v0.3,Text Generation,sharegpt,vllm,benchmark_serving.py,1000,4,4,64,4,1,4096,--disable-log-requests --enforce-eager,58.23,58.26,173.04,338.57,6121.38,22.42,22.45,6900.64,29.83,0.00016217311980539224,1.6217311980539224,59.40321253825498,39.878871937124366,33.50971989022482
Leonardo,boost_usr_prod,Llama-3.1-8B-Instruct,Text Generation,sharegpt,vllm,benchmark_serving.py,300,2,4,16,4,1,8192,--disable-log-requests --enforce-eager,58.32,58.34,176.41,334.46,1015.27,32.14,34.32,5729.51,28.88,0.0009244451018276279,9.24445101827628,57.47031680730204,32.478374241823026,33.07610081808
Leonardo,boost_usr_prod,Llama-3.1-8B-Instruct,Text Generation,sharegpt,vllm,benchmark_serving.py,300,8,4,256,4,1,8192,--disable-log-requests --enforce-eager,58.68,58.7,182.13,328.24,1008.65,32.2,34.42,5715.3,28.88,0.0009299989770011253,9.299989770011253,57.46960018662367,31.380332729369133,32.743367058654
Leonardo,boost_usr_prod,Llama-3.1-8B-Instruct,Text Generation,sharegpt,vllm,benchmark_serving.py,300,2,4,16,4,1,4096,--disable-log-requests --enforce-eager,58.32,58.34,183.36,329.85,1011.5,32.29,34.11,5724.22,28.87,0.000927729845069116,9.277298450691159,57.450250700058575,31.218477312390924,32.67727945122001
Leonardo,boost_usr_prod,Llama-3.1-8B-Instruct,Text Generation,sharegpt,vllm,benchmark_serving.py,300,8,4,256,4,1,4096,--disable-log-requests --enforce-eager,58.68,58.7,180.24,327.71,1041.18,32.24,34.08,5695.4,28.67,0.0009029345372460496,9.029345372460496,57.05280263868193,31.598979138925873,32.57960364824471
Leonardo,boost_usr_prod,Llama-3.1-8B-Instruct,Text Generation,sharegpt,vllm,benchmark_serving.py,300,4,4,64,4,1,4096,--disable-log-requests --enforce-eager,58.57,58.71,182.33,337.89,1053.5,32.23,33.48,5689.34,28.66,0.0008934873705560172,8.934873705560172,57.03269828611402,31.203532057258816,32.414104735492046
Leonardo,boost_usr_prod,Mistral-7B-Instruct-v0.3,Text Generation,sharegpt,sglang,benchmark_serving.py,1000,2,4,16,4,1,4096,,27.18,53.92,97.31,216.8,1651.62,94.42,262.02,4848.53,21.75,0.0004979930878559406,4.979930878559406,43.30573498854275,49.82560887884081,32.36132123604379
Leonardo,boost_usr_prod,Mistral-7B-Instruct-v0.3,Text Generation,sharegpt,vllm,benchmark_serving.py,500,8,4,256,4,1,4096,--disable-log-requests --enforce-eager,58.23,58.26,127.91,359.71,1064.82,22.06,21.81,2047.12,35.36,0.0009019653825686172,9.019653825686172,69.5191917329338,16.00437807833633,31.82460847499842
Leonardo,boost_usr_prod,Llama-3.1-8B-Instruct,Text Generation,sharegpt,vllm,benchmark_serving.py,500,4,4,64,4,1,8192,--disable-log-requests --enforce-eager,58.69,58.71,165.56,328.98,4615.76,32.2,33.06,5667.49,28.61,0.0002136286535840479,2.1362865358404792,56.9325991116729,34.23224208746074,31.037738588141988
Leonardo,boost_usr_prod,Llama-3.1-8B-Instruct,Text Generation,sharegpt,vllm,benchmark_serving.py,1000,4,4,64,4,1,8192,--disable-log-requests --enforce-eager,58.69,58.71,170.41,329.73,8458.75,31.75,32.91,5688.05,28.7,0.00011732393490398795,1.1732393490398796,57.11183277211703,33.37861627838742,30.498081730277327
Leonardo,boost_usr_prod,Llama-3.1-8B-Instruct,Text Generation,sharegpt,vllm,benchmark_serving.py,500,2,4,16,4,1,8192,--disable-log-requests --enforce-eager,58.55,58.71,173.93,338.66,4702.43,32.06,32.92,5673.42,28.55,0.00020975749935499564,2.0975749935499564,56.81409793457349,32.61898464899672,30.468043883240924
Leonardo,boost_usr_prod,Llama-3.1-8B-Instruct,Text Generation,sharegpt,vllm,benchmark_serving.py,500,8,4,256,4,1,4096,--disable-log-requests --enforce-eager,58.68,58.7,176.09,327.1,4651.48,32.21,33.02,5634.88,28.5,0.00021201218646047776,2.1201218646047777,56.7131571605649,32.0,30.24331486855769
Leonardo,boost_usr_prod,Llama-3.1-8B-Instruct,Text Generation,sharegpt,vllm,benchmark_serving.py,500,8,4,256,4,1,8192,--disable-log-requests --enforce-eager,58.68,58.7,179.25,335.57,4663.79,32.08,33.34,5683.82,28.61,0.0002114518069614164,2.114518069614164,56.9334206983718,31.70889818688982,30.223146600919968
Leonardo,boost_usr_prod,Llama-3.1-8B-Instruct,Text Generation,sharegpt,vllm,benchmark_serving.py,500,2,4,16,4,1,4096,--disable-log-requests --enforce-eager,58.32,58.34,180.1,328.32,4607.49,32.15,33.11,5665.16,28.62,0.00021400674121234824,2.140067412123482,56.95228098029781,31.455635757912273,30.15720189595517
Leonardo,boost_usr_prod,Llama-3.1-8B-Instruct,Text Generation,sharegpt,vllm,benchmark_serving.py,1000,8,4,256,4,1,4096,--disable-log-requests --enforce-eager,58.68,58.7,177.39,325.57,8387.91,31.59,32.53,5683.8,28.68,0.0001183147717175637,1.183147717175637,57.07201915805394,32.04126500930154,30.059961540554553
Leonardo,boost_usr_prod,Llama-3.1-8B-Instruct,Text Generation,sharegpt,vllm,benchmark_serving.py,500,4,4,64,4,1,4096,--disable-log-requests --enforce-eager,58.69,58.71,177.16,335.07,4682.66,32.44,33.22,5622.76,28.32,0.0002106008019678539,2.106008019678539,56.35615252305754,31.738315646872884,30.03339559152959
Leonardo,boost_usr_prod,Llama-3.1-8B-Instruct,Text Generation,sharegpt,vllm,benchmark_serving.py,1000,8,4,256,4,1,8192,--disable-log-requests --enforce-eager,58.68,58.7,179.17,331.98,8506.14,31.66,32.7,5703.93,28.73,0.00011667930692491686,1.1667930692491686,57.17203144787935,31.835296087514656,30.02249508382839
Leonardo,boost_usr_prod,Llama-3.1-8B-Instruct,Text Generation,sharegpt,vllm,benchmark_serving.py,1000,2,4,16,4,1,8192,--disable-log-requests --enforce-eager,58.69,58.71,180.91,335.32,8469.06,31.77,32.29,5676.38,28.69,0.00011719042976074401,1.17190429760744,57.09144399630505,31.37681720192361,29.850119924545805
Leonardo,boost_usr_prod,Llama-3.1-8B-Instruct,Text Generation,sharegpt,vllm,benchmark_serving.py,1000,4,4,64,4,1,4096,--disable-log-requests --enforce-eager,58.69,58.71,178.31,359.66,8524.68,32.05,32.68,5655.52,28.48,0.00011642243180847113,1.1642243180847114,56.67459873328641,31.717346194829233,29.814750619811537
Leonardo,boost_usr_prod,Llama-3.1-8B-Instruct,Text Generation,sharegpt,vllm,benchmark_serving.py,1000,2,4,16,4,1,4096,--disable-log-requests --enforce-eager,58.32,58.34,181.83,329.7,8465.08,31.76,33.05,5518.15,27.82,0.00011723480607604553,1.1723480607604553,55.360895569215124,30.34785238959467,28.932615598861993
Leonardo,boost_usr_prod,Mistral-7B-Instruct-v0.3,Text Generation,sharegpt,sglang,benchmark_serving.py,150,2,4,16,4,1,4096,,27.01,53.71,98.39,214.76,464.77,42.72,56.08,3051.73,13.42,0.001774402469968238,17.74402469968238,26.722487708595015,31.016668360605752,25.043948094208154
Leonardo,boost_usr_prod,gemma-3-12b-it,Text Generation,sonnet,vllm,benchmark_serving.py,250,8,4,256,4,1,8192,--disable-log-requests --enforce-eager,58.71,59.0,185.55,331.39,401.29,91.55,91.55,2655.98,17.71,0.0017111860230325639,17.11186023032564,35.18538484267062,14.31409323632444,22.361573160442553
Leonardo,boost_usr_prod,gemma-3-12b-it,Text Generation,sonnet,vllm,benchmark_serving.py,250,8,4,256,4,1,4096,--disable-log-requests --enforce-eager,58.77,59.12,183.59,346.11,404.36,91.9,91.91,2647.73,17.66,0.0017001887209480253,17.001887209480252,35.085981263529916,14.421972874339561,22.32490660061212
Leonardo,boost_usr_prod,gemma-3-12b-it,Text Generation,sonnet,vllm,benchmark_serving.py,250,4,4,64,4,1,4096,--disable-log-requests --enforce-eager,58.9,59.12,183.59,359.71,387.32,92.85,92.86,2621.11,17.48,0.0017451093310995934,17.451093310995933,34.72839872810857,14.276975870145433,22.309659571742074
Leonardo,boost_usr_prod,gemma-3-12b-it,Text Generation,sonnet,vllm,benchmark_serving.py,250,4,4,64,4,1,8192,--disable-log-requests --enforce-eager,58.39,58.39,183.82,312.09,403.08,91.94,91.94,2643.43,17.63,0.0017036936077415837,17.036936077415838,35.02639617295363,14.38053530627788,22.303304263134542
Leonardo,boost_usr_prod,gemma-3-12b-it,Text Generation,sonnet,vllm,benchmark_serving.py,250,2,4,16,4,1,8192,--disable-log-requests --enforce-eager,58.39,58.39,182.89,334.29,393.18,92.95,92.95,2617.05,17.45,0.0017268771154244664,17.268771154244664,34.668834693490226,14.309420963420637,22.237800696524467
Leonardo,boost_usr_prod,gemma-3-12b-it,Text Generation,sonnet,vllm,benchmark_serving.py,250,2,4,16,4,1,4096,--disable-log-requests --enforce-eager,58.39,58.39,189.16,339.27,403.31,92.25,92.25,2633.28,17.56,0.0017012299892822512,17.01229989282251,34.887354046264576,13.92091351237048,22.100574663248164
Leonardo,boost_usr_prod,gemma-3-12b-it,Text Generation,sonnet,vllm,benchmark_serving.py,300,8,4,256,4,1,4096,--disable-log-requests --enforce-eager,59.12,59.12,183.77,371.48,2288.45,91.48,91.48,2663.31,17.76,0.0004046273180087481,4.046273180087481,35.28470767268293,14.492626652881318,18.010174018863964
Leonardo,boost_usr_prod,gemma-3-12b-it,Text Generation,sonnet,vllm,benchmark_serving.py,300,8,4,256,4,1,8192,--disable-log-requests --enforce-eager,59.0,59.0,185.78,397.65,2236.53,92.08,92.08,2665.69,17.77,0.00041310535425849654,4.131053542584965,35.30465242634509,14.34863817418452,17.99970424517527
Leonardo,boost_usr_prod,gemma-3-12b-it,Text Generation,sonnet,vllm,benchmark_serving.py,300,4,4,64,4,1,8192,--disable-log-requests --enforce-eager,58.84,59.02,182.78,381.22,2332.05,91.47,91.47,2657.2,17.72,0.00039761589509302225,3.9761589509302224,35.20522781989742,14.537695590327168,17.973734090986092
Leonardo,boost_usr_prod,gemma-3-12b-it,Text Generation,sonnet,vllm,benchmark_serving.py,300,2,4,16,4,1,4096,--disable-log-requests --enforce-eager,58.85,59.06,188.42,400.92,2331.67,91.77,91.77,2652.96,17.69,0.0003975811164872913,3.9758111648729133,35.14564798831745,14.080033966670205,17.80690698141919
Leonardo,boost_usr_prod,gemma-3-12b-it,Text Generation,sonnet,vllm,benchmark_serving.py,300,4,4,64,4,1,4096,--disable-log-requests --enforce-eager,59.12,59.12,183.99,348.39,2291.83,93.09,93.09,2622.16,17.48,0.00040354962247932813,4.035496224793281,34.728490854813536,14.251644111092993,17.740281722616075
Leonardo,boost_usr_prod,gemma-3-12b-it,Text Generation,sonnet,vllm,benchmark_serving.py,300,2,4,16,4,1,8192,--disable-log-requests --enforce-eager,58.86,59.08,181.37,390.83,2439.47,93.42,93.42,2592.32,17.28,0.0003807623624020013,3.807623624020013,34.33115389331699,14.292992225836688,17.54094186816232
Leonardo,boost_usr_prod,gemma-3-12b-it,Text Generation,sharegpt,vllm,benchmark_serving.py,250,8,4,256,4,1,8192,--disable-log-requests --enforce-eager,58.39,58.39,170.0,310.28,252.28,86.19,95.57,1847.11,9.08,0.002303935121186987,23.03935121186987,18.071165990550536,10.86535294117647,17.45448878999941
Leonardo,boost_usr_prod,gemma-3-12b-it,Text Generation,sharegpt,vllm,benchmark_serving.py,250,8,4,256,4,1,4096,--disable-log-requests --enforce-eager,58.98,59.11,169.75,337.44,257.57,87.01,90.09,1808.77,8.91,0.0023005958543262706,23.005958543262707,17.73264898111879,10.655493372606774,17.260884437523877
Leonardo,boost_usr_prod,gemma-3-12b-it,Text Generation,sharegpt,vllm,benchmark_serving.py,250,2,4,16,4,1,8192,--disable-log-requests --enforce-eager,58.98,59.12,167.05,283.46,280.53,85.6,88.78,1859.69,9.12,0.0021982370139148407,21.982370139148408,18.150986777682053,11.132535169111044,17.207752605837893
Leonardo,boost_usr_prod,gemma-3-12b-it,Text Generation,sonnet,vllm,benchmark_serving.py,500,2,4,16,4,1,8192,--disable-log-requests --enforce-eager,59.08,59.08,183.81,375.25,10689.71,91.62,91.62,2683.7,17.9,9.19713601184591e-05,0.919713601184591,35.562799822327506,14.600402589630596,17.076183392675905
Leonardo,boost_usr_prod,gemma-3-12b-it,Text Generation,sonnet,vllm,benchmark_serving.py,500,8,4,256,4,1,4096,--disable-log-requests --enforce-eager,59.12,59.12,183.59,387.7,10604.66,91.59,91.6,2679.63,17.87,9.269687657874368e-05,0.9269687657874368,35.50323492122335,14.595729614902773,17.056902730352558
Leonardo,boost_usr_prod,gemma-3-12b-it,Text Generation,sonnet,vllm,benchmark_serving.py,500,4,4,64,4,1,8192,--disable-log-requests --enforce-eager,59.02,59.02,182.94,337.22,10672.6,92.01,92.01,2669.9,17.8,9.210969896708183e-05,0.9210969896708183,35.36422963872456,14.594402536350717,17.007219865286658
Leonardo,boost_usr_prod,gemma-3-12b-it,Text Generation,sharegpt,vllm,benchmark_serving.py,250,4,4,64,4,1,4096,--disable-log-requests --enforce-eager,58.98,59.11,165.29,346.46,273.89,87.21,90.25,1799.5,8.85,0.0022155754957350173,22.155754957350172,17.61337683523654,10.88692600883296,17.00532113230603
Leonardo,boost_usr_prod,gemma-3-12b-it,Text Generation,sharegpt,vllm,benchmark_serving.py,250,2,4,16,4,1,4096,--disable-log-requests --enforce-eager,58.98,59.11,165.77,307.85,286.96,87.27,90.01,1821.5,8.91,0.002154058245734965,21.54058245734965,17.733256483520087,10.988116064426615,16.869302380512227
Leonardo,boost_usr_prod,gemma-3-12b-it,Text Generation,sonnet,vllm,benchmark_serving.py,500,8,4,256,4,1,8192,--disable-log-requests --enforce-eager,59.0,59.0,185.18,379.93,10727.6,92.57,92.57,2651.1,17.68,9.163601441984324e-05,0.9163601441984324,35.1257488440411,14.31634085754401,16.835546130415523
Leonardo,boost_usr_prod,gemma-3-12b-it,Text Generation,sonnet,vllm,benchmark_serving.py,500,2,4,16,4,1,4096,--disable-log-requests --enforce-eager,59.06,59.06,188.07,379.27,10736.8,92.15,92.16,2661.68,17.75,9.156578406407408e-05,0.9156578406407407,35.26482871356968,14.152602754293614,16.8301983098055
Leonardo,boost_usr_prod,gemma-3-12b-it,Text Generation,sonnet,vllm,benchmark_serving.py,500,4,4,64,4,1,4096,--disable-log-requests --enforce-eager,59.12,59.12,183.79,349.92,10842.16,92.84,92.84,2640.98,17.61,9.067958911264581e-05,0.9067958911264581,34.98670934593149,14.369552206322433,16.80204848662288
Leonardo,boost_usr_prod,gemma-3-12b-it,Text Generation,sharegpt,vllm,benchmark_serving.py,250,4,4,64,4,1,8192,--disable-log-requests --enforce-eager,58.96,59.09,166.01,325.83,277.06,88.12,95.12,1784.56,8.78,0.0021724961981316533,21.724961981316532,17.47402812628949,10.749713872658274,16.767565075836696
Leonardo,boost_usr_prod,gemma-3-12b-it,Text Generation,sonnet,vllm,benchmark_serving.py,1000,4,4,64,4,1,8192,--disable-log-requests --enforce-eager,59.02,59.02,182.13,376.14,21810.33,91.83,91.84,2650.13,17.67,4.5466945530599246e-05,0.45466945530599245,35.10592780568259,14.550760445835394,16.746846411403446
Leonardo,boost_usr_prod,gemma-3-12b-it,Text Generation,sonnet,vllm,benchmark_serving.py,1000,8,4,256,4,1,4096,--disable-log-requests --enforce-eager,59.12,59.12,184.19,389.83,22072.55,91.81,91.81,2640.26,17.61,4.493136060696876e-05,0.44931360606968757,34.98664614898396,14.33443726586677,16.635246241795606
Leonardo,boost_usr_prod,gemma-3-12b-it,Text Generation,sonnet,vllm,benchmark_serving.py,1000,4,4,64,4,1,4096,--disable-log-requests --enforce-eager,59.12,59.12,182.14,377.73,22306.65,93.19,93.19,2616.13,17.44,4.445821661199047e-05,0.4445821661199047,34.64901802496232,14.363291973207424,16.52807749639433
Leonardo,boost_usr_prod,gemma-3-12b-it,Text Generation,sonnet,vllm,benchmark_serving.py,1000,8,4,256,4,1,8192,--disable-log-requests --enforce-eager,59.0,59.0,185.76,364.31,22048.43,92.81,92.82,2629.31,17.53,4.497604126281929e-05,0.4497604126281929,34.827797902404384,14.15433893195521,16.523758285336744
Leonardo,boost_usr_prod,gemma-3-12b-it,Text Generation,sonnet,vllm,benchmark_serving.py,1000,2,4,16,4,1,8192,--disable-log-requests --enforce-eager,59.08,59.08,182.42,387.21,22306.86,92.72,92.72,2613.91,17.43,4.445965952792733e-05,0.4445965952792733,34.62908730912767,14.329075759236925,16.51035677045418
Leonardo,boost_usr_prod,gemma-3-12b-it,Text Generation,sonnet,vllm,benchmark_serving.py,150,4,4,64,4,1,8192,--disable-log-requests --enforce-eager,58.38,58.39,192.99,411.08,455.32,78.69,78.69,1767.14,11.78,0.0016321201240411293,16.32120124041129,23.40398578913048,9.156640240426965,16.436688466980833
Leonardo,boost_usr_prod,gemma-3-12b-it,Text Generation,sonnet,vllm,benchmark_serving.py,150,4,4,64,4,1,4096,--disable-log-requests --enforce-eager,58.38,58.39,190.4,396.23,462.98,78.74,78.58,1767.2,11.78,0.0016121231662098983,16.12123166209898,23.403991051051722,9.281512605042018,16.408659756084685
Leonardo,boost_usr_prod,gemma-3-12b-it,Text Generation,sonnet,vllm,benchmark_serving.py,150,8,4,256,4,1,4096,--disable-log-requests --enforce-eager,58.38,58.39,191.51,411.6,457.85,78.89,78.89,1760.19,11.74,0.001624352289524552,16.24352289524552,23.324432229264136,9.191112735627383,16.394260817734047
Leonardo,boost_usr_prod,gemma-3-12b-it,Text Generation,sonnet,vllm,benchmark_serving.py,1000,2,4,16,4,1,4096,--disable-log-requests --enforce-eager,59.06,59.06,188.51,400.23,22278.86,93.54,93.54,2598.04,17.33,4.451182545666907e-05,0.4451182545666907,34.43033544010981,13.781974431064665,16.2678860741307
Leonardo,boost_usr_prod,gemma-3-12b-it,Text Generation,sonnet,vllm,benchmark_serving.py,150,2,4,16,4,1,4096,--disable-log-requests --enforce-eager,58.38,58.39,195.31,422.22,469.38,80.08,80.03,1734.49,11.57,0.001588587586776597,15.88587586776597,22.986666323035866,8.880702472991654,16.058489136229955
Leonardo,boost_usr_prod,gemma-3-12b-it,Text Generation,sonnet,vllm,benchmark_serving.py,150,2,4,16,4,1,8192,--disable-log-requests --enforce-eager,58.38,58.39,191.4,413.22,485.95,80.06,80.01,1728.67,11.53,0.0015479396922695892,15.479396922695893,22.90721192966326,9.03171368861024,15.941595390157389
Leonardo,boost_usr_prod,gemma-3-12b-it,Text Generation,sonnet,vllm,benchmark_serving.py,150,8,4,256,4,1,8192,--disable-log-requests --enforce-eager,58.38,58.39,194.07,412.78,501.08,79.06,79.06,1745.66,11.64,0.001516990291262136,15.169902912621358,23.125797985546008,8.995001803472974,15.898938882488258
Leonardo,boost_usr_prod,gemma-3-12b-it,Text Generation,sharegpt,vllm,benchmark_serving.py,150,2,4,16,4,1,8192,--disable-log-requests --enforce-eager,58.38,58.39,164.95,403.15,348.52,72.96,76.84,1498.49,7.37,0.002006742655321882,20.06742655321882,14.667859296348931,9.08451045771446,14.717040535321663
Leonardo,boost_usr_prod,gemma-3-12b-it,Text Generation,sharegpt,vllm,benchmark_serving.py,150,2,4,16,4,1,4096,--disable-log-requests --enforce-eager,58.38,58.39,169.27,385.5,355.63,73.55,77.5,1487.59,7.29,0.0019736322728349256,19.736322728349254,14.508898506903563,8.788267265315767,14.455620744887005
Leonardo,boost_usr_prod,gemma-3-12b-it,Text Generation,sharegpt,vllm,benchmark_serving.py,150,4,4,64,4,1,8192,--disable-log-requests --enforce-eager,58.38,58.39,172.09,399.49,362.62,75.4,79.49,1460.07,7.11,0.0019323298100519797,19.323298100519796,14.151089436878912,8.484339589749549,14.096280431435419
Leonardo,boost_usr_prod,gemma-3-12b-it,Text Generation,sharegpt,vllm,benchmark_serving.py,150,8,4,256,4,1,8192,--disable-log-requests --enforce-eager,58.38,58.39,174.78,397.98,372.43,74.3,75.86,1474.9,7.22,0.0019135459920779194,19.135459920779194,14.36965697784255,8.438608536445818,14.092094477194054
Leonardo,boost_usr_prod,gemma-3-12b-it,Text Generation,sharegpt,vllm,benchmark_serving.py,150,4,4,64,4,1,4096,--disable-log-requests --enforce-eager,58.38,58.39,169.89,398.87,374.69,75.11,76.31,1466.62,7.16,0.0019007431905875196,19.007431905875197,14.25042977920721,8.632762375654835,14.070156933137566
Leonardo,boost_usr_prod,gemma-3-12b-it,Text Generation,sharegpt,vllm,benchmark_serving.py,150,8,4,256,4,1,4096,--disable-log-requests --enforce-eager,58.38,58.39,174.66,398.58,392.58,74.71,78.7,1465.54,7.18,0.0018315353761057895,18.315353761057896,14.289990222173936,8.390816443375702,13.77087821617905
Leonardo,boost_usr_prod,gemma-3-12b-it,Text Generation,sharegpt,vllm,benchmark_serving.py,300,2,4,16,4,1,8192,--disable-log-requests --enforce-eager,59.12,59.12,168.0,323.69,2611.76,88.64,92.69,1850.15,9.02,0.0003580264151889126,3.580264151889126,17.95247664280297,11.01279761904762,10.845227108290551
Leonardo,boost_usr_prod,gemma-3-12b-it,Text Generation,sharegpt,vllm,benchmark_serving.py,300,8,4,256,4,1,8192,--disable-log-requests --enforce-eager,58.39,58.39,169.57,278.27,2622.2,87.95,90.98,1846.4,9.07,0.00035699878263415125,3.5699878263415123,18.051327157000653,10.888718523323702,10.835637021799922
Leonardo,boost_usr_prod,gemma-3-12b-it,Text Generation,sharegpt,vllm,benchmark_serving.py,300,2,4,16,4,1,4096,--disable-log-requests --enforce-eager,59.11,59.11,165.7,308.73,2653.93,88.61,98.62,1826.24,8.96,0.0003519689141055062,3.5196891410550624,17.832509154315606,11.021363910681956,10.786583871844254
Leonardo,boost_usr_prod,gemma-3-12b-it,Text Generation,sharegpt,vllm,benchmark_serving.py,300,4,4,64,4,1,4096,--disable-log-requests --enforce-eager,59.11,59.11,166.48,283.38,2619.82,89.06,92.95,1825.37,8.94,0.0003569095912314452,3.569095912314452,17.792857041612375,10.964500240269102,10.771704081221234
Leonardo,boost_usr_prod,gemma-3-12b-it,Text Generation,sharegpt,vllm,benchmark_serving.py,300,4,4,64,4,1,8192,--disable-log-requests --enforce-eager,59.09,59.09,167.0,315.24,2609.68,89.36,93.59,1829.61,8.93,0.0003580853890418709,3.580853890418709,17.773251928160388,10.95574850299401,10.766235499274977
Leonardo,boost_usr_prod,gemma-3-12b-it,Text Generation,sharegpt,vllm,benchmark_serving.py,300,8,4,256,4,1,4096,--disable-log-requests --enforce-eager,59.11,59.11,169.76,295.65,2653.93,87.99,90.88,1824.46,8.92,0.00035300762496469926,3.5300762496469926,17.75320250029999,10.747290292177192,10.675447668478675
Leonardo,boost_usr_prod,gemma-3-12b-it,Text Generation,sharegpt,vllm,benchmark_serving.py,500,2,4,16,4,1,8192,--disable-log-requests --enforce-eager,59.12,59.12,167.19,331.98,12008.29,89.05,92.14,1830.19,8.96,8.203795403905663e-05,0.8203795403905664,17.832697061142376,10.946767151145403,9.84501153288773
Leonardo,boost_usr_prod,gemma-3-12b-it,Text Generation,sharegpt,vllm,benchmark_serving.py,500,4,4,64,4,1,4096,--disable-log-requests --enforce-eager,59.11,59.11,165.95,270.12,12150.43,89.55,95.15,1817.47,8.89,8.106927126021372e-05,0.8106927126021372,17.693453974024838,10.951913226875567,9.796022106053353
Leonardo,boost_usr_prod,gemma-3-12b-it,Text Generation,sharegpt,vllm,benchmark_serving.py,500,8,4,256,4,1,4096,--disable-log-requests --enforce-eager,59.11,59.11,169.16,302.67,11974.74,88.55,91.42,1819.85,8.96,8.22726334071319e-05,0.8227263340713189,17.83220345470552,10.75815795696382,9.785286674412548
Leonardo,boost_usr_prod,gemma-3-12b-it,Text Generation,sharegpt,vllm,benchmark_serving.py,500,2,4,16,4,1,4096,--disable-log-requests --enforce-eager,59.11,59.11,165.49,303.58,12256.81,89.59,92.15,1802.4,8.84,8.039522291585435e-05,0.8039522291585435,17.59371038625472,10.89129252522811,9.740418897313505
Leonardo,boost_usr_prod,gemma-3-12b-it,Text Generation,sharegpt,vllm,benchmark_serving.py,1000,2,4,16,4,1,8192,--disable-log-requests --enforce-eager,59.12,59.12,167.38,370.23,21568.54,89.01,97.28,1823.49,8.97,4.596680369370848e-05,0.4596680369370848,17.852182639730202,10.894312343171228,9.712209179881672
Leonardo,boost_usr_prod,gemma-3-12b-it,Text Generation,sharegpt,vllm,benchmark_serving.py,500,4,4,64,4,1,8192,--disable-log-requests --enforce-eager,59.09,59.09,165.75,279.8,12070.48,89.62,94.34,1787.58,8.8,8.160307610955702e-05,0.8160307610955703,17.513782161903386,10.784796380090498,9.683271235448604
Leonardo,boost_usr_prod,gemma-3-12b-it,Text Generation,sharegpt,vllm,benchmark_serving.py,500,8,4,256,4,1,8192,--disable-log-requests --enforce-eager,58.39,58.39,169.07,314.55,12106.02,89.09,91.84,1808.25,8.84,8.138716280281111e-05,0.8138716280281111,17.59398818990804,10.695274146803099,9.681160065075282
Leonardo,boost_usr_prod,gemma-3-12b-it,Text Generation,sharegpt,vllm,benchmark_serving.py,1000,4,4,64,4,1,4096,--disable-log-requests --enforce-eager,59.11,59.11,165.35,353.62,21842.26,89.34,94.62,1802.06,8.86,4.5400436388994574e-05,0.45400436388994575,17.633304176882465,10.898457816752343,9.63719140522337
Leonardo,boost_usr_prod,gemma-3-12b-it,Text Generation,sharegpt,vllm,benchmark_serving.py,1000,4,4,64,4,1,8192,--disable-log-requests --enforce-eager,59.09,59.09,166.61,363.23,21745.3,89.32,93.32,1801.21,8.87,4.5603919018384766e-05,0.45603919018384764,17.653068041191545,10.810935718144169,9.616595888473768
Leonardo,boost_usr_prod,gemma-3-12b-it,Text Generation,sharegpt,vllm,benchmark_serving.py,1000,8,4,256,4,1,4096,--disable-log-requests --enforce-eager,59.11,59.11,170.09,360.08,21382.67,88.48,92.11,1817.7,8.9,4.6375177037238346e-05,0.46375177037238347,17.71327055731961,10.686695278969957,9.599930080685663
Leonardo,boost_usr_prod,gemma-3-12b-it,Text Generation,sharegpt,vllm,benchmark_serving.py,1000,2,4,16,4,1,4096,--disable-log-requests --enforce-eager,59.11,59.11,164.76,326.09,22118.16,89.56,94.42,1789.06,8.79,4.4838746416263196e-05,0.448387464162632,17.49404833551186,10.858582180140811,9.575174469534387
Leonardo,boost_usr_prod,gemma-3-12b-it,Text Generation,sharegpt,vllm,benchmark_serving.py,1000,8,4,256,4,1,8192,--disable-log-requests --enforce-eager,59.0,59.14,169.94,363.0,21856.6,89.91,92.81,1804.99,8.84,4.5373450723525045e-05,0.45373450723525044,17.59383360072333,10.621336942450277,9.535000978290007
