Supercomputer,Partition,Model,Dataset/Model Type,Dataset,Framework,Benchmark Type,Concurrency Level,Number of Nodes,GPUs per Node,Total Used GPUs,Tensor,Pipeline,Max Model Length,Additional Arguments,GPU Memory Usage Avg (GB),GPU Memory Usage Peak (GB),Power Usage Avg (W),Power Usage Peak (W),TTFT (ms),ITL (ms),TPOT (ms),Output Throughput (tokens/s),Request Throughput (requests/s)
Adastra,MI250,Mistral-7B-Instruct-v0.3,Mistral,sonnet,vllm,benchmark_serving.py,300,1,8,8,8,1,32768,--disable-log-requests,46.42,46.45,99.52,276.67,1251.9,45.02,45.02,5283.66,35.22
Adastra,MI250,Mistral-7B-Instruct-v0.3,Mistral,sonnet,vllm,benchmark_serving.py,1000,1,8,8,8,1,32768,--disable-log-requests,46.42,46.45,98.41,277.0,11724.31,45.59,45.58,5128.86,34.19
Adastra,MI250,Mistral-7B-Instruct-v0.3,Mistral,sonnet,vllm,benchmark_serving.py,150,1,8,8,8,1,32768,--disable-log-requests,46.03,46.13,123.88,402.33,431.23,50.25,50.24,2712.72,18.08
Adastra,MI250,Mistral-7B-Instruct-v0.3,Mistral,sonnet,vllm,benchmark_serving.py,500,1,8,8,8,1,32768,--disable-log-requests,46.42,46.45,99.2,278.0,5388.35,44.86,44.86,5350.27,35.66
Adastra,MI250,Mistral-7B-Instruct-v0.3,Mistral,sonnet,vllm,benchmark_serving.py,250,1,8,8,8,1,32768,--disable-log-requests,46.29,46.45,99.88,275.33,387.36,44.93,44.92,5218.48,34.79
Adastra,MI250,Mistral-7B-Instruct-v0.3,Mistral,sonnet,vllm,benchmark_serving.py,300,4,8,128,32,1,4096,--disable-log-requests,46.35,46.38,87.37,227.33,1386.86,50.86,50.85,4689.83,31.26
Adastra,MI250,Mistral-7B-Instruct-v0.3,Mistral,sonnet,vllm,benchmark_serving.py,1000,4,8,128,32,1,4096,--disable-log-requests,46.35,46.38,86.5,227.0,12952.61,51.39,51.38,4594.56,30.63
Adastra,MI250,Mistral-7B-Instruct-v0.3,Mistral,sonnet,vllm,benchmark_serving.py,150,4,8,128,32,1,4096,--disable-log-requests,46.0,46.11,95.35,276.67,545.35,56.33,56.32,2405.82,16.04
Adastra,MI250,Mistral-7B-Instruct-v0.3,Mistral,sonnet,vllm,benchmark_serving.py,500,4,8,128,32,1,4096,--disable-log-requests,46.35,46.38,87.3,227.67,6060.31,50.7,50.7,4751.9,31.68
Adastra,MI250,Mistral-7B-Instruct-v0.3,Mistral,sonnet,vllm,benchmark_serving.py,250,4,8,128,32,1,4096,--disable-log-requests,46.24,46.38,87.63,228.33,382.1,50.57,50.57,4679.55,31.19
Adastra,MI250,Mistral-7B-Instruct-v0.3,Mistral,sonnet,vllm,benchmark_serving.py,300,1,8,8,8,1,16384,--disable-log-requests,46.38,46.41,99.25,277.0,1258.0,45.25,45.24,5266.79,35.11
Adastra,MI250,Mistral-7B-Instruct-v0.3,Mistral,sonnet,vllm,benchmark_serving.py,1000,1,8,8,8,1,16384,--disable-log-requests,46.38,46.41,98.29,280.67,11526.14,45.01,45.01,5199.63,34.66
Adastra,MI250,Mistral-7B-Instruct-v0.3,Mistral,sonnet,vllm,benchmark_serving.py,150,1,8,8,8,1,16384,--disable-log-requests,46.04,46.14,122.12,407.33,503.18,50.5,50.5,2672.73,17.82
Adastra,MI250,Mistral-7B-Instruct-v0.3,Mistral,sonnet,vllm,benchmark_serving.py,500,1,8,8,8,1,16384,--disable-log-requests,46.38,46.41,98.87,280.67,5390.4,44.85,44.85,5349.91,35.66
Adastra,MI250,Mistral-7B-Instruct-v0.3,Mistral,sonnet,vllm,benchmark_serving.py,250,1,8,8,8,1,16384,--disable-log-requests,46.27,46.41,99.7,277.67,367.92,44.73,44.72,5261.87,35.08
Adastra,MI250,Mistral-7B-Instruct-v0.3,Mistral,sonnet,vllm,benchmark_serving.py,300,2,8,32,16,1,32768,--disable-log-requests,46.42,46.43,91.13,244.0,1318.08,47.94,47.93,4985.31,33.23
Adastra,MI250,Mistral-7B-Instruct-v0.3,Mistral,sonnet,vllm,benchmark_serving.py,1000,2,8,32,16,1,32768,--disable-log-requests,46.42,46.43,90.1,246.0,12155.48,47.68,47.68,4922.39,32.81
Adastra,MI250,Mistral-7B-Instruct-v0.3,Mistral,sonnet,vllm,benchmark_serving.py,150,2,8,32,16,1,32768,--disable-log-requests,46.07,46.16,102.81,319.0,534.07,53.51,53.5,2525.84,16.84
Adastra,MI250,Mistral-7B-Instruct-v0.3,Mistral,sonnet,vllm,benchmark_serving.py,500,2,8,32,16,1,32768,--disable-log-requests,46.42,46.43,90.76,245.67,5686.62,47.32,47.31,5074.16,33.82
Adastra,MI250,Mistral-7B-Instruct-v0.3,Mistral,sonnet,vllm,benchmark_serving.py,250,2,8,32,16,1,32768,--disable-log-requests,46.31,46.43,91.41,244.67,380.8,47.05,47.05,5006.17,33.37
Adastra,MI250,Mistral-7B-Instruct-v0.3,Mistral,sonnet,vllm,benchmark_serving.py,300,1,8,8,8,1,4096,--disable-log-requests,46.38,46.41,98.56,274.67,1257.65,45.27,45.27,5258.27,35.05
Adastra,MI250,Mistral-7B-Instruct-v0.3,Mistral,sonnet,vllm,benchmark_serving.py,1000,1,8,8,8,1,4096,--disable-log-requests,46.38,46.41,97.56,277.0,11530.12,45.19,45.19,5179.67,34.53
Adastra,MI250,Mistral-7B-Instruct-v0.3,Mistral,sonnet,vllm,benchmark_serving.py,150,1,8,8,8,1,4096,--disable-log-requests,46.04,46.14,120.83,400.0,506.71,51.12,51.11,2636.8,17.58
Adastra,MI250,Mistral-7B-Instruct-v0.3,Mistral,sonnet,vllm,benchmark_serving.py,500,1,8,8,8,1,4096,--disable-log-requests,46.38,46.41,98.11,277.0,5483.2,45.5,45.5,5262.89,35.08
Adastra,MI250,Mistral-7B-Instruct-v0.3,Mistral,sonnet,vllm,benchmark_serving.py,250,1,8,8,8,1,4096,--disable-log-requests,46.27,46.41,98.8,274.0,384.32,45.16,45.15,5198.3,34.65
Adastra,MI250,Mistral-7B-Instruct-v0.3,Mistral,sonnet,vllm,benchmark_serving.py,300,4,8,128,32,1,32768,--disable-log-requests,46.35,46.38,87.2,225.0,1366.67,50.57,50.56,4739.62,31.59
Adastra,MI250,Mistral-7B-Instruct-v0.3,Mistral,sonnet,vllm,benchmark_serving.py,1000,4,8,128,32,1,32768,--disable-log-requests,46.35,46.38,86.35,224.33,13039.74,51.31,51.31,4595.64,30.63
Adastra,MI250,Mistral-7B-Instruct-v0.3,Mistral,sonnet,vllm,benchmark_serving.py,150,4,8,128,32,1,32768,--disable-log-requests,46.01,46.12,94.91,271.33,569.31,56.8,56.79,2382.07,15.88
Adastra,MI250,Mistral-7B-Instruct-v0.3,Mistral,sonnet,vllm,benchmark_serving.py,500,4,8,128,32,1,32768,--disable-log-requests,46.35,46.38,87.06,224.33,6118.8,51.37,51.36,4695.31,31.3
Adastra,MI250,Mistral-7B-Instruct-v0.3,Mistral,sonnet,vllm,benchmark_serving.py,250,4,8,128,32,1,32768,--disable-log-requests,46.25,46.38,86.91,224.33,376.83,52.59,52.58,4518.15,30.12
Adastra,MI250,Mistral-7B-Instruct-v0.3,Mistral,sonnet,vllm,benchmark_serving.py,300,2,8,32,16,1,4096,--disable-log-requests,46.37,46.38,92.3,245.67,1315.2,47.58,47.58,5019.36,33.46
Adastra,MI250,Mistral-7B-Instruct-v0.3,Mistral,sonnet,vllm,benchmark_serving.py,1000,2,8,32,16,1,4096,--disable-log-requests,46.37,46.38,91.35,247.33,12122.26,47.62,47.61,4937.22,32.91
Adastra,MI250,Mistral-7B-Instruct-v0.3,Mistral,sonnet,vllm,benchmark_serving.py,150,2,8,32,16,1,4096,--disable-log-requests,46.07,46.16,104.29,322.67,522.17,53.15,53.15,2546.6,16.98
Adastra,MI250,Mistral-7B-Instruct-v0.3,Mistral,sonnet,vllm,benchmark_serving.py,500,2,8,32,16,1,4096,--disable-log-requests,46.37,46.38,92.03,247.33,5677.49,47.24,47.24,5083.99,33.89
Adastra,MI250,Mistral-7B-Instruct-v0.3,Mistral,sonnet,vllm,benchmark_serving.py,250,2,8,32,16,1,4096,--disable-log-requests,46.28,46.38,92.39,245.67,381.3,48.19,48.19,4898.62,32.65
Adastra,MI250,Mistral-7B-Instruct-v0.3,Mistral,sonnet,vllm,benchmark_serving.py,300,4,8,128,32,1,16384,--disable-log-requests,46.34,46.37,87.4,229.33,1381.28,51.17,51.17,4693.34,31.29
Adastra,MI250,Mistral-7B-Instruct-v0.3,Mistral,sonnet,vllm,benchmark_serving.py,1000,4,8,128,32,1,16384,--disable-log-requests,46.34,46.37,86.28,229.33,13313.64,51.89,51.88,4555.99,30.37
Adastra,MI250,Mistral-7B-Instruct-v0.3,Mistral,sonnet,vllm,benchmark_serving.py,150,4,8,128,32,1,16384,--disable-log-requests,46.01,46.12,95.43,278.33,552.75,56.97,56.96,2379.32,15.86
Adastra,MI250,Mistral-7B-Instruct-v0.3,Mistral,sonnet,vllm,benchmark_serving.py,500,4,8,128,32,1,16384,--disable-log-requests,46.34,46.37,87.29,228.33,6085.25,51.02,51.01,4722.91,31.48
Adastra,MI250,Mistral-7B-Instruct-v0.3,Mistral,sonnet,vllm,benchmark_serving.py,250,4,8,128,32,1,16384,--disable-log-requests,46.24,46.37,87.77,229.0,383.26,50.82,50.81,4658.07,31.05
Adastra,MI250,Mistral-7B-Instruct-v0.3,Mistral,sonnet,vllm,benchmark_serving.py,300,2,8,32,16,1,16384,--disable-log-requests,46.38,46.39,92.5,245.33,1310.97,48.08,48.07,4972.19,33.14
Adastra,MI250,Mistral-7B-Instruct-v0.3,Mistral,sonnet,vllm,benchmark_serving.py,1000,2,8,32,16,1,16384,--disable-log-requests,46.38,46.39,91.68,247.0,12048.41,47.38,47.38,4958.43,33.05
Adastra,MI250,Mistral-7B-Instruct-v0.3,Mistral,sonnet,vllm,benchmark_serving.py,150,2,8,32,16,1,16384,--disable-log-requests,46.07,46.17,104.31,321.67,512.57,52.93,52.92,2551.3,17.01
Adastra,MI250,Mistral-7B-Instruct-v0.3,Mistral,sonnet,vllm,benchmark_serving.py,500,2,8,32,16,1,16384,--disable-log-requests,46.38,46.39,92.23,246.0,5673.4,47.43,47.42,5070.22,33.8
Adastra,MI250,Mistral-7B-Instruct-v0.3,Mistral,sonnet,vllm,benchmark_serving.py,250,2,8,32,16,1,16384,--disable-log-requests,46.29,46.39,92.8,244.67,378.92,47.76,47.76,4937.22,32.91
Adastra,MI250,Llama-3.1-8B-Instruct,Llama,sonnet,vllm,benchmark_serving.py,300,1,8,8,8,1,32768,--disable-log-requests,50.64,50.8,110.28,292.33,1422.42,56.82,56.82,4268.92,28.46
Adastra,MI250,Llama-3.1-8B-Instruct,Llama,sonnet,vllm,benchmark_serving.py,1000,1,8,8,8,1,32768,--disable-log-requests,50.77,50.8,109.47,295.33,13823.0,56.39,56.39,4245.35,28.3
Adastra,MI250,Llama-3.1-8B-Instruct,Llama,sonnet,vllm,benchmark_serving.py,150,1,8,8,8,1,32768,--disable-log-requests,48.39,49.34,121.62,384.67,444.47,54.86,54.86,2494.0,16.63
Adastra,MI250,Llama-3.1-8B-Instruct,Llama,sonnet,vllm,benchmark_serving.py,500,1,8,8,8,1,32768,--disable-log-requests,50.77,50.8,109.91,293.33,6643.98,56.59,56.59,4273.49,28.49
Adastra,MI250,Llama-3.1-8B-Instruct,Llama,sonnet,vllm,benchmark_serving.py,250,1,8,8,8,1,32768,--disable-log-requests,50.04,50.43,110.66,291.0,324.35,56.31,56.31,4256.69,28.38
Adastra,MI250,Llama-3.1-8B-Instruct,Llama,sonnet,vllm,benchmark_serving.py,300,4,8,128,32,1,4096,--disable-log-requests,50.58,50.77,99.71,252.67,1524.97,62.06,62.06,3925.01,26.17
Adastra,MI250,Llama-3.1-8B-Instruct,Llama,sonnet,vllm,benchmark_serving.py,1000,4,8,128,32,1,4096,--disable-log-requests,50.73,50.77,98.77,252.67,15218.12,62.39,62.39,3852.25,25.68
Adastra,MI250,Llama-3.1-8B-Instruct,Llama,sonnet,vllm,benchmark_serving.py,150,4,8,128,32,1,4096,--disable-log-requests,48.29,49.32,101.09,279.33,389.85,60.13,60.14,2302.03,15.35
Adastra,MI250,Llama-3.1-8B-Instruct,Llama,sonnet,vllm,benchmark_serving.py,500,4,8,128,32,1,4096,--disable-log-requests,50.73,50.77,99.34,252.33,7329.9,62.45,62.45,3890.39,25.94
Adastra,MI250,Llama-3.1-8B-Instruct,Llama,sonnet,vllm,benchmark_serving.py,250,4,8,128,32,1,4096,--disable-log-requests,49.95,50.28,99.72,251.33,332.49,63.93,63.93,3768.16,25.12
Adastra,MI250,Llama-3.1-8B-Instruct,Llama,sonnet,vllm,benchmark_serving.py,300,1,8,8,8,1,16384,--disable-log-requests,50.48,50.64,112.8,295.33,1448.98,56.57,56.57,4273.52,28.49
Adastra,MI250,Llama-3.1-8B-Instruct,Llama,sonnet,vllm,benchmark_serving.py,1000,1,8,8,8,1,16384,--disable-log-requests,50.6,50.64,111.62,297.33,14051.91,57.7,57.7,4139.47,27.6
Adastra,MI250,Llama-3.1-8B-Instruct,Llama,sonnet,vllm,benchmark_serving.py,150,1,8,8,8,1,16384,--disable-log-requests,48.41,49.33,125.29,394.67,376.81,55.06,55.06,2506.8,16.71
Adastra,MI250,Llama-3.1-8B-Instruct,Llama,sonnet,vllm,benchmark_serving.py,500,1,8,8,8,1,16384,--disable-log-requests,50.6,50.64,112.23,298.0,6686.31,56.73,56.73,4266.85,28.45
Adastra,MI250,Llama-3.1-8B-Instruct,Llama,sonnet,vllm,benchmark_serving.py,250,1,8,8,8,1,16384,--disable-log-requests,49.93,50.27,113.0,294.33,332.45,56.32,56.32,4252.14,28.35
Adastra,MI250,Llama-3.1-8B-Instruct,Llama,sonnet,vllm,benchmark_serving.py,300,2,8,32,16,1,32768,--disable-log-requests,50.48,50.61,104.23,269.67,1443.65,58.3,58.3,4170.43,27.8
Adastra,MI250,Llama-3.1-8B-Instruct,Llama,sonnet,vllm,benchmark_serving.py,1000,2,8,32,16,1,32768,--disable-log-requests,50.6,50.61,103.25,271.33,14363.21,58.58,58.58,4082.0,27.21
Adastra,MI250,Llama-3.1-8B-Instruct,Llama,sonnet,vllm,benchmark_serving.py,150,2,8,32,16,1,32768,--disable-log-requests,48.29,49.35,107.18,321.0,447.46,57.12,57.12,2399.52,16.0
Adastra,MI250,Llama-3.1-8B-Instruct,Llama,sonnet,vllm,benchmark_serving.py,500,2,8,32,16,1,32768,--disable-log-requests,50.6,50.61,103.68,269.67,6947.72,58.94,58.94,4113.7,27.42
Adastra,MI250,Llama-3.1-8B-Instruct,Llama,sonnet,vllm,benchmark_serving.py,250,2,8,32,16,1,32768,--disable-log-requests,49.95,50.24,104.19,269.0,339.23,58.57,58.57,4063.18,27.09
Adastra,MI250,Llama-3.1-8B-Instruct,Llama,sonnet,vllm,benchmark_serving.py,300,1,8,8,8,1,4096,--disable-log-requests,50.44,50.59,113.11,302.33,1411.9,56.11,56.11,4312.17,28.75
Adastra,MI250,Llama-3.1-8B-Instruct,Llama,sonnet,vllm,benchmark_serving.py,1000,1,8,8,8,1,4096,--disable-log-requests,50.56,50.59,111.78,304.0,13836.85,56.28,56.28,4252.22,28.35
Adastra,MI250,Llama-3.1-8B-Instruct,Llama,sonnet,vllm,benchmark_serving.py,150,1,8,8,8,1,4096,--disable-log-requests,48.36,49.3,125.1,396.0,410.22,54.57,54.57,2517.26,16.78
Adastra,MI250,Llama-3.1-8B-Instruct,Llama,sonnet,vllm,benchmark_serving.py,500,1,8,8,8,1,4096,--disable-log-requests,50.56,50.59,112.72,303.0,6620.01,56.18,56.18,4309.97,28.73
Adastra,MI250,Llama-3.1-8B-Instruct,Llama,sonnet,vllm,benchmark_serving.py,250,1,8,8,8,1,4096,--disable-log-requests,49.88,50.22,113.16,300.33,324.34,55.99,55.99,4277.66,28.52
Adastra,MI250,Llama-3.1-8B-Instruct,Llama,sonnet,vllm,benchmark_serving.py,300,4,8,128,32,1,32768,--disable-log-requests,50.6,50.83,99.57,250.33,1549.3,63.3,63.3,3855.79,25.71
Adastra,MI250,Llama-3.1-8B-Instruct,Llama,sonnet,vllm,benchmark_serving.py,1000,4,8,128,32,1,32768,--disable-log-requests,50.79,50.83,98.81,250.33,15334.65,63.02,63.02,3813.68,25.42
Adastra,MI250,Llama-3.1-8B-Instruct,Llama,sonnet,vllm,benchmark_serving.py,150,4,8,128,32,1,32768,--disable-log-requests,48.27,49.31,100.53,276.33,457.12,60.3,60.3,2279.5,15.2
Adastra,MI250,Llama-3.1-8B-Instruct,Llama,sonnet,vllm,benchmark_serving.py,500,4,8,128,32,1,32768,--disable-log-requests,50.79,50.83,99.32,250.0,7372.02,63.17,63.17,3846.07,25.64
Adastra,MI250,Llama-3.1-8B-Instruct,Llama,sonnet,vllm,benchmark_serving.py,250,4,8,128,32,1,32768,--disable-log-requests,49.9,50.21,99.76,249.67,371.45,62.11,62.11,3860.85,25.74
Adastra,MI250,Llama-3.1-8B-Instruct,Llama,sonnet,vllm,benchmark_serving.py,300,2,8,32,16,1,4096,--disable-log-requests,50.66,50.79,104.95,269.33,1470.41,59.1,59.1,4113.35,27.42
Adastra,MI250,Llama-3.1-8B-Instruct,Llama,sonnet,vllm,benchmark_serving.py,1000,2,8,32,16,1,4096,--disable-log-requests,50.78,50.79,103.98,271.67,14421.01,58.96,58.96,4063.32,27.09
Adastra,MI250,Llama-3.1-8B-Instruct,Llama,sonnet,vllm,benchmark_serving.py,150,2,8,32,16,1,4096,--disable-log-requests,48.32,49.33,109.51,320.67,358.16,56.67,56.67,2443.41,16.29
Adastra,MI250,Llama-3.1-8B-Instruct,Llama,sonnet,vllm,benchmark_serving.py,500,2,8,32,16,1,4096,--disable-log-requests,50.78,50.79,104.51,270.0,6941.86,59.0,59.0,4112.56,27.42
Adastra,MI250,Llama-3.1-8B-Instruct,Llama,sonnet,vllm,benchmark_serving.py,250,2,8,32,16,1,4096,--disable-log-requests,50.06,50.42,105.15,269.0,359.25,58.41,58.41,4093.45,27.29
Adastra,MI250,Llama-3.1-8B-Instruct,Llama,sonnet,vllm,benchmark_serving.py,300,4,8,128,32,1,16384,--disable-log-requests,50.57,50.77,99.57,250.33,1544.1,62.2,62.2,3912.62,26.08
Adastra,MI250,Llama-3.1-8B-Instruct,Llama,sonnet,vllm,benchmark_serving.py,1000,4,8,128,32,1,16384,--disable-log-requests,50.72,50.77,98.7,251.0,15208.86,62.49,62.49,3843.87,25.63
Adastra,MI250,Llama-3.1-8B-Instruct,Llama,sonnet,vllm,benchmark_serving.py,150,4,8,128,32,1,16384,--disable-log-requests,48.28,49.32,100.77,277.0,392.43,60.21,60.21,2299.07,15.33
Adastra,MI250,Llama-3.1-8B-Instruct,Llama,sonnet,vllm,benchmark_serving.py,500,4,8,128,32,1,16384,--disable-log-requests,50.72,50.77,99.09,250.67,7311.22,62.27,62.27,3901.6,26.01
Adastra,MI250,Llama-3.1-8B-Instruct,Llama,sonnet,vllm,benchmark_serving.py,250,4,8,128,32,1,16384,--disable-log-requests,49.94,50.28,99.7,250.33,340.78,61.7,61.7,3893.19,25.95
Adastra,MI250,Llama-3.1-8B-Instruct,Llama,sonnet,vllm,benchmark_serving.py,300,2,8,32,16,1,16384,--disable-log-requests,50.64,50.81,105.36,272.0,1473.7,58.84,58.84,4123.91,27.49
Adastra,MI250,Llama-3.1-8B-Instruct,Llama,sonnet,vllm,benchmark_serving.py,1000,2,8,32,16,1,16384,--disable-log-requests,50.8,50.81,104.25,272.33,14473.64,59.15,59.15,4054.88,27.03
Adastra,MI250,Llama-3.1-8B-Instruct,Llama,sonnet,vllm,benchmark_serving.py,150,2,8,32,16,1,16384,--disable-log-requests,48.31,49.34,109.21,322.33,393.76,57.29,57.29,2408.83,16.06
Adastra,MI250,Llama-3.1-8B-Instruct,Llama,sonnet,vllm,benchmark_serving.py,500,2,8,32,16,1,16384,--disable-log-requests,50.8,50.81,104.74,271.67,6902.3,58.79,58.79,4125.43,27.5
Adastra,MI250,Llama-3.1-8B-Instruct,Llama,sonnet,vllm,benchmark_serving.py,250,2,8,32,16,1,16384,--disable-log-requests,49.99,50.32,105.41,270.33,348.75,58.6,58.6,4082.07,27.21
Adastra,MI250,gemma-3-12b-it,Google,sonnet,vllm,benchmark_serving.py,300,1,8,8,8,1,32768,--disable-log-requests,55.36,55.65,117.1,280.5,2978.14,127.86,127.86,1920.37,12.8
Adastra,MI250,gemma-3-12b-it,Google,sonnet,vllm,benchmark_serving.py,1000,1,8,8,8,1,32768,--disable-log-requests,55.62,55.65,116.66,282.5,29750.82,128.05,128.05,1911.61,12.75
Adastra,MI250,gemma-3-12b-it,Google,sonnet,vllm,benchmark_serving.py,150,1,8,8,8,1,32768,--disable-log-requests,50.77,52.39,122.23,416.0,915.51,120.19,120.19,1139.29,7.6
Adastra,MI250,gemma-3-12b-it,Google,sonnet,vllm,benchmark_serving.py,500,1,8,8,8,1,32768,--disable-log-requests,55.62,55.65,116.77,282.0,14680.76,128.84,128.84,1909.87,12.73
Adastra,MI250,gemma-3-12b-it,Google,sonnet,vllm,benchmark_serving.py,250,1,8,8,8,1,32768,--disable-log-requests,54.05,54.65,116.93,277.5,495.18,127.94,127.95,1909.45,12.73
Adastra,MI250,gemma-3-12b-it,Google,sonnet,vllm,benchmark_serving.py,300,1,8,8,8,1,16384,--disable-log-requests,55.36,55.59,116.44,282.0,2985.44,129.55,129.55,1890.3,12.6
Adastra,MI250,gemma-3-12b-it,Google,sonnet,vllm,benchmark_serving.py,1000,1,8,8,8,1,16384,--disable-log-requests,55.55,55.59,115.91,282.5,30694.53,132.14,132.14,1854.15,12.36
Adastra,MI250,gemma-3-12b-it,Google,sonnet,vllm,benchmark_serving.py,150,1,8,8,8,1,16384,--disable-log-requests,50.64,52.24,122.22,415.0,874.63,118.78,118.78,1153.89,7.69
Adastra,MI250,gemma-3-12b-it,Google,sonnet,vllm,benchmark_serving.py,500,1,8,8,8,1,16384,--disable-log-requests,55.55,55.59,116.0,280.5,14991.18,131.88,131.88,1868.5,12.46
Adastra,MI250,gemma-3-12b-it,Google,sonnet,vllm,benchmark_serving.py,250,1,8,8,8,1,16384,--disable-log-requests,54.15,54.84,116.44,279.5,468.76,129.13,129.13,1887.35,12.58
Adastra,MI250,gemma-3-12b-it,Google,sonnet,vllm,benchmark_serving.py,300,2,8,32,16,1,32768,--disable-log-requests,53.97,54.2,113.8,270.67,3059.74,131.76,131.77,1865.49,12.44
Adastra,MI250,gemma-3-12b-it,Google,sonnet,vllm,benchmark_serving.py,1000,2,8,32,16,1,32768,--disable-log-requests,54.19,54.2,113.27,270.67,30730.34,131.65,131.66,1860.81,12.41
Adastra,MI250,gemma-3-12b-it,Google,sonnet,vllm,benchmark_serving.py,150,2,8,32,16,1,32768,--disable-log-requests,49.65,51.31,113.3,344.33,896.57,121.85,121.85,1125.67,7.51
Adastra,MI250,gemma-3-12b-it,Google,sonnet,vllm,benchmark_serving.py,500,2,8,32,16,1,32768,--disable-log-requests,54.19,54.2,113.4,270.0,14973.36,132.15,132.16,1858.21,12.39
Adastra,MI250,gemma-3-12b-it,Google,sonnet,vllm,benchmark_serving.py,250,2,8,32,16,1,32768,--disable-log-requests,52.8,53.28,113.73,269.67,485.9,132.72,132.72,1844.04,12.29
Adastra,MI250,gemma-3-12b-it,Google,sonnet,vllm,benchmark_serving.py,300,1,8,8,8,1,4096,--disable-log-requests,55.27,55.58,116.12,284.0,2967.39,127.84,127.84,1922.46,12.82
Adastra,MI250,gemma-3-12b-it,Google,sonnet,vllm,benchmark_serving.py,1000,1,8,8,8,1,4096,--disable-log-requests,55.55,55.58,115.58,284.33,30086.9,129.24,129.25,1894.85,12.63
Adastra,MI250,gemma-3-12b-it,Google,sonnet,vllm,benchmark_serving.py,150,1,8,8,8,1,4096,--disable-log-requests,50.73,52.39,121.17,412.33,907.91,118.69,118.69,1149.55,7.67
Adastra,MI250,gemma-3-12b-it,Google,sonnet,vllm,benchmark_serving.py,500,1,8,8,8,1,4096,--disable-log-requests,55.55,55.58,115.88,285.0,14610.51,128.76,128.76,1912.18,12.75
Adastra,MI250,gemma-3-12b-it,Google,sonnet,vllm,benchmark_serving.py,250,1,8,8,8,1,4096,--disable-log-requests,53.93,54.5,115.85,281.33,479.31,128.65,128.65,1899.97,12.67
Adastra,MI250,gemma-3-12b-it,Google,sonnet,vllm,benchmark_serving.py,300,2,8,32,16,1,4096,--disable-log-requests,54.08,54.39,112.73,270.5,3050.85,131.59,131.59,1866.43,12.44
Adastra,MI250,gemma-3-12b-it,Google,sonnet,vllm,benchmark_serving.py,1000,2,8,32,16,1,4096,--disable-log-requests,54.38,54.39,112.25,271.5,30486.65,130.62,130.62,1874.41,12.5
Adastra,MI250,gemma-3-12b-it,Google,sonnet,vllm,benchmark_serving.py,150,2,8,32,16,1,4096,--disable-log-requests,49.69,51.42,112.03,346.5,916.67,120.3,120.3,1138.65,7.59
Adastra,MI250,gemma-3-12b-it,Google,sonnet,vllm,benchmark_serving.py,500,2,8,32,16,1,4096,--disable-log-requests,54.38,54.39,112.35,270.0,15086.86,133.36,133.36,1847.39,12.32
Adastra,MI250,gemma-3-12b-it,Google,sonnet,vllm,benchmark_serving.py,250,2,8,32,16,1,4096,--disable-log-requests,52.71,53.13,112.81,271.5,501.44,129.39,129.39,1888.23,12.59
Adastra,MI250,gemma-3-12b-it,Google,sonnet,vllm,benchmark_serving.py,300,2,8,32,16,1,16384,--disable-log-requests,53.91,54.18,110.63,264.67,3023.5,130.07,130.07,1889.04,12.59
Adastra,MI250,gemma-3-12b-it,Google,sonnet,vllm,benchmark_serving.py,1000,2,8,32,16,1,16384,--disable-log-requests,54.17,54.18,110.07,263.33,30372.12,130.69,130.69,1874.05,12.49
Adastra,MI250,gemma-3-12b-it,Google,sonnet,vllm,benchmark_serving.py,150,2,8,32,16,1,16384,--disable-log-requests,49.56,51.19,109.82,335.0,876.0,121.21,121.21,1128.84,7.53
Adastra,MI250,gemma-3-12b-it,Google,sonnet,vllm,benchmark_serving.py,500,2,8,32,16,1,16384,--disable-log-requests,54.17,54.18,110.27,263.33,14856.84,130.94,130.94,1881.21,12.54
Adastra,MI250,gemma-3-12b-it,Google,sonnet,vllm,benchmark_serving.py,250,2,8,32,16,1,16384,--disable-log-requests,52.63,53.1,110.75,262.67,500.86,129.6,129.6,1886.56,12.58
Adastra,MI250,Llama-3.1-405B,Llama,sonnet,vllm,benchmark_serving.py,300,4,8,128,32,1,4096,--disable-log-requests,55.04,55.22,175.65,411.33,24486.19,597.14,597.14,382.22,2.55
Adastra,MI250,Llama-3.1-405B,Llama,sonnet,vllm,benchmark_serving.py,1000,4,8,128,32,1,4096,--disable-log-requests,55.19,55.22,175.71,410.67,172216.49,596.56,596.56,382.05,2.55
Adastra,MI250,Llama-3.1-405B,Llama,sonnet,vllm,benchmark_serving.py,150,4,8,128,32,1,4096,--disable-log-requests,48.74,49.22,164.51,408.67,5163.65,411.53,411.53,329.73,2.2
Adastra,MI250,Llama-3.1-405B,Llama,sonnet,vllm,benchmark_serving.py,500,4,8,128,32,1,4096,--disable-log-requests,55.19,55.22,175.7,411.33,86339.3,596.86,596.86,382.34,2.55
Adastra,MI250,Llama-3.1-405B,Llama,sonnet,vllm,benchmark_serving.py,250,4,8,128,32,1,4096,--disable-log-requests,53.5,54.49,174.97,410.67,9970.33,591.28,591.28,377.78,2.52
Adastra,MI250,Llama-3.1-405B,Llama,sonnet,vllm,benchmark_serving.py,300,4,8,128,32,1,32768,--disable-log-requests,55.21,55.4,174.09,400.0,24407.48,596.84,596.84,382.59,2.55
Adastra,MI250,Llama-3.1-405B,Llama,sonnet,vllm,benchmark_serving.py,1000,4,8,128,32,1,32768,--disable-log-requests,55.37,55.4,173.95,400.33,172868.36,596.29,596.29,382.07,2.55
Adastra,MI250,Llama-3.1-405B,Llama,sonnet,vllm,benchmark_serving.py,150,4,8,128,32,1,32768,--disable-log-requests,48.86,49.39,162.18,398.0,5185.34,409.23,409.23,331.24,2.21
Adastra,MI250,Llama-3.1-405B,Llama,sonnet,vllm,benchmark_serving.py,500,4,8,128,32,1,32768,--disable-log-requests,55.37,55.4,174.48,400.33,86077.28,594.22,594.22,383.82,2.56
Adastra,MI250,Llama-3.1-405B,Llama,sonnet,vllm,benchmark_serving.py,250,4,8,128,32,1,32768,--disable-log-requests,53.66,54.67,173.76,399.33,9968.08,589.79,589.79,378.68,2.52
Adastra,MI250,Llama-3.1-405B,Llama,sonnet,vllm,benchmark_serving.py,300,4,8,128,32,1,16384,--disable-log-requests,55.03,55.22,177.28,410.33,24356.67,595.37,595.37,383.58,2.56
Adastra,MI250,Llama-3.1-405B,Llama,sonnet,vllm,benchmark_serving.py,1000,4,8,128,32,1,16384,--disable-log-requests,55.19,55.22,176.99,410.33,172340.65,596.28,596.28,382.11,2.55
Adastra,MI250,Llama-3.1-405B,Llama,sonnet,vllm,benchmark_serving.py,150,4,8,128,32,1,16384,--disable-log-requests,48.7,49.22,164.84,408.33,5204.83,409.84,409.84,330.78,2.21
Adastra,MI250,Llama-3.1-405B,Llama,sonnet,vllm,benchmark_serving.py,500,4,8,128,32,1,16384,--disable-log-requests,55.19,55.22,176.96,410.33,86441.0,596.17,596.17,382.44,2.55
Adastra,MI250,Llama-3.1-405B,Llama,sonnet,vllm,benchmark_serving.py,250,4,8,128,32,1,16384,--disable-log-requests,53.49,54.49,176.45,409.67,9994.34,591.41,591.41,377.57,2.52
Adastra,MI250,Llama-3.3-70B-Instruct,Llama,sonnet,vllm,benchmark_serving.py,300,1,8,8,8,1,32768,--disable-log-requests,50.81,50.95,168.98,419.67,3043.0,125.32,125.36,1937.88,13.02
Adastra,MI250,Llama-3.3-70B-Instruct,Llama,sonnet,vllm,benchmark_serving.py,1000,1,8,8,8,1,32768,--disable-log-requests,50.92,50.95,168.07,430.33,29543.14,125.37,125.4,1926.54,12.92
Adastra,MI250,Llama-3.3-70B-Instruct,Llama,sonnet,vllm,benchmark_serving.py,150,1,8,8,8,1,32768,--disable-log-requests,48.69,49.28,191.85,527.0,1820.16,162.23,162.24,832.41,5.58
Adastra,MI250,Llama-3.3-70B-Instruct,Llama,sonnet,vllm,benchmark_serving.py,500,1,8,8,8,1,32768,--disable-log-requests,50.92,50.95,168.29,430.0,14512.23,125.55,125.58,1935.33,12.98
Adastra,MI250,Llama-3.3-70B-Instruct,Llama,sonnet,vllm,benchmark_serving.py,250,1,8,8,8,1,32768,--disable-log-requests,50.17,50.51,169.57,424.67,630.55,123.43,123.45,1951.91,13.1
Adastra,MI250,Llama-3.3-70B-Instruct,Llama,sonnet,vllm,benchmark_serving.py,300,4,8,128,32,1,4096,--disable-log-requests,50.91,51.03,121.9,286.67,3231.89,133.86,133.89,1816.43,12.19
Adastra,MI250,Llama-3.3-70B-Instruct,Llama,sonnet,vllm,benchmark_serving.py,1000,4,8,128,32,1,4096,--disable-log-requests,51.0,51.03,121.15,291.33,31367.29,133.98,134.0,1810.75,12.14
Adastra,MI250,Llama-3.3-70B-Instruct,Llama,sonnet,vllm,benchmark_serving.py,150,4,8,128,32,1,4096,--disable-log-requests,48.67,49.37,128.57,336.0,1565.15,156.94,156.95,864.8,5.8
Adastra,MI250,Llama-3.3-70B-Instruct,Llama,sonnet,vllm,benchmark_serving.py,500,4,8,128,32,1,4096,--disable-log-requests,51.0,51.03,121.46,290.33,15381.42,134.19,134.22,1815.13,12.18
Adastra,MI250,Llama-3.3-70B-Instruct,Llama,sonnet,vllm,benchmark_serving.py,250,4,8,128,32,1,4096,--disable-log-requests,50.33,50.67,121.75,285.33,623.54,133.66,133.7,1807.86,12.13
Adastra,MI250,Llama-3.3-70B-Instruct,Llama,sonnet,vllm,benchmark_serving.py,300,1,8,8,8,1,16384,--disable-log-requests,50.77,50.89,169.01,427.33,3053.73,125.77,125.8,1933.32,12.97
Adastra,MI250,Llama-3.3-70B-Instruct,Llama,sonnet,vllm,benchmark_serving.py,1000,1,8,8,8,1,16384,--disable-log-requests,50.86,50.89,168.21,437.0,29587.82,125.47,125.5,1925.04,12.91
Adastra,MI250,Llama-3.3-70B-Instruct,Llama,sonnet,vllm,benchmark_serving.py,150,1,8,8,8,1,16384,--disable-log-requests,48.66,49.28,191.33,537.67,1828.95,162.23,162.21,832.23,5.59
Adastra,MI250,Llama-3.3-70B-Instruct,Llama,sonnet,vllm,benchmark_serving.py,500,1,8,8,8,1,16384,--disable-log-requests,50.86,50.89,168.75,436.67,14518.44,125.38,125.41,1936.88,12.99
Adastra,MI250,Llama-3.3-70B-Instruct,Llama,sonnet,vllm,benchmark_serving.py,250,1,8,8,8,1,16384,--disable-log-requests,50.19,50.53,169.73,429.67,612.42,123.52,123.54,1951.77,13.09
Adastra,MI250,Llama-3.3-70B-Instruct,Llama,sonnet,vllm,benchmark_serving.py,300,2,8,32,16,1,32768,--disable-log-requests,50.64,50.75,139.63,343.33,2942.97,123.47,123.5,1974.69,13.25
Adastra,MI250,Llama-3.3-70B-Instruct,Llama,sonnet,vllm,benchmark_serving.py,1000,2,8,32,16,1,32768,--disable-log-requests,50.74,50.75,138.43,346.33,29374.39,124.53,124.55,1942.44,13.02
Adastra,MI250,Llama-3.3-70B-Instruct,Llama,sonnet,vllm,benchmark_serving.py,150,2,8,32,16,1,32768,--disable-log-requests,48.67,49.32,150.04,419.67,1595.9,156.17,156.2,868.58,5.82
Adastra,MI250,Llama-3.3-70B-Instruct,Llama,sonnet,vllm,benchmark_serving.py,500,2,8,32,16,1,32768,--disable-log-requests,50.74,50.75,138.95,348.0,14248.21,123.7,123.72,1967.75,13.19
Adastra,MI250,Llama-3.3-70B-Instruct,Llama,sonnet,vllm,benchmark_serving.py,250,2,8,32,16,1,32768,--disable-log-requests,50.08,50.38,136.25,341.33,600.8,122.75,122.78,1965.54,13.18
Adastra,MI250,Llama-3.3-70B-Instruct,Llama,sonnet,vllm,benchmark_serving.py,300,1,8,8,8,1,4096,--disable-log-requests,50.62,50.74,169.4,424.67,3061.66,125.83,125.86,1932.3,12.96
Adastra,MI250,Llama-3.3-70B-Instruct,Llama,sonnet,vllm,benchmark_serving.py,1000,1,8,8,8,1,4096,--disable-log-requests,50.71,50.74,168.77,435.0,29601.05,125.65,125.67,1922.03,12.89
Adastra,MI250,Llama-3.3-70B-Instruct,Llama,sonnet,vllm,benchmark_serving.py,150,1,8,8,8,1,4096,--disable-log-requests,48.71,49.31,191.81,527.33,1808.6,163.25,163.26,828.44,5.56
Adastra,MI250,Llama-3.3-70B-Instruct,Llama,sonnet,vllm,benchmark_serving.py,500,1,8,8,8,1,4096,--disable-log-requests,50.71,50.74,169.04,433.67,14518.52,125.74,125.77,1932.42,12.96
Adastra,MI250,Llama-3.3-70B-Instruct,Llama,sonnet,vllm,benchmark_serving.py,250,1,8,8,8,1,4096,--disable-log-requests,50.08,50.37,170.15,429.0,626.54,124.09,124.12,1942.08,13.03
Adastra,MI250,Llama-3.3-70B-Instruct,Llama,sonnet,vllm,benchmark_serving.py,300,4,8,128,32,1,32768,--disable-log-requests,50.7,50.84,121.28,286.67,3203.24,134.58,134.61,1812.56,12.16
Adastra,MI250,Llama-3.3-70B-Instruct,Llama,sonnet,vllm,benchmark_serving.py,1000,4,8,128,32,1,32768,--disable-log-requests,50.81,50.84,120.69,291.33,31598.3,134.98,135.01,1796.41,12.05
Adastra,MI250,Llama-3.3-70B-Instruct,Llama,sonnet,vllm,benchmark_serving.py,150,4,8,128,32,1,32768,--disable-log-requests,48.65,49.36,128.08,338.0,1583.52,156.71,156.69,865.1,5.8
Adastra,MI250,Llama-3.3-70B-Instruct,Llama,sonnet,vllm,benchmark_serving.py,500,4,8,128,32,1,32768,--disable-log-requests,50.81,50.84,121.1,290.67,15495.32,135.28,135.31,1801.97,12.09
Adastra,MI250,Llama-3.3-70B-Instruct,Llama,sonnet,vllm,benchmark_serving.py,250,4,8,128,32,1,32768,--disable-log-requests,50.12,50.39,120.72,286.67,616.64,136.37,136.4,1774.67,11.9
Adastra,MI250,Llama-3.3-70B-Instruct,Llama,sonnet,vllm,benchmark_serving.py,300,2,8,32,16,1,4096,--disable-log-requests,50.63,50.73,141.78,350.67,2987.64,123.74,123.77,1965.08,13.18
Adastra,MI250,Llama-3.3-70B-Instruct,Llama,sonnet,vllm,benchmark_serving.py,1000,2,8,32,16,1,4096,--disable-log-requests,50.72,50.73,141.1,356.0,29150.58,123.87,123.9,1952.76,13.1
Adastra,MI250,Llama-3.3-70B-Instruct,Llama,sonnet,vllm,benchmark_serving.py,150,2,8,32,16,1,4096,--disable-log-requests,48.55,49.23,152.16,430.0,1612.58,155.0,155.02,873.57,5.86
Adastra,MI250,Llama-3.3-70B-Instruct,Llama,sonnet,vllm,benchmark_serving.py,500,2,8,32,16,1,4096,--disable-log-requests,50.72,50.73,141.54,355.67,14260.97,123.64,123.67,1967.51,13.19
Adastra,MI250,Llama-3.3-70B-Instruct,Llama,sonnet,vllm,benchmark_serving.py,250,2,8,32,16,1,4096,--disable-log-requests,50.07,50.36,141.58,347.0,589.03,123.14,123.17,1960.09,13.15
Adastra,MI250,Llama-3.3-70B-Instruct,Llama,sonnet,vllm,benchmark_serving.py,300,4,8,128,32,1,16384,--disable-log-requests,50.91,51.03,122.63,290.0,3236.24,134.82,134.86,1807.92,12.13
Adastra,MI250,Llama-3.3-70B-Instruct,Llama,sonnet,vllm,benchmark_serving.py,1000,4,8,128,32,1,16384,--disable-log-requests,51.0,51.03,122.26,294.0,31409.94,133.87,133.9,1810.44,12.14
Adastra,MI250,Llama-3.3-70B-Instruct,Llama,sonnet,vllm,benchmark_serving.py,150,4,8,128,32,1,16384,--disable-log-requests,48.7,49.37,131.03,339.67,1525.18,156.01,156.01,871.77,5.85
Adastra,MI250,Llama-3.3-70B-Instruct,Llama,sonnet,vllm,benchmark_serving.py,500,4,8,128,32,1,16384,--disable-log-requests,51.0,51.03,122.59,293.33,15379.79,134.02,134.05,1819.32,12.2
Adastra,MI250,Llama-3.3-70B-Instruct,Llama,sonnet,vllm,benchmark_serving.py,250,4,8,128,32,1,16384,--disable-log-requests,50.33,50.66,122.8,289.0,627.31,133.62,133.65,1808.44,12.13
Adastra,MI250,Llama-3.3-70B-Instruct,Llama,sonnet,vllm,benchmark_serving.py,300,2,8,32,16,1,16384,--disable-log-requests,50.53,50.63,142.33,352.33,2996.69,124.25,124.27,1956.66,13.12
Adastra,MI250,Llama-3.3-70B-Instruct,Llama,sonnet,vllm,benchmark_serving.py,1000,2,8,32,16,1,16384,--disable-log-requests,50.62,50.63,141.63,356.33,29216.12,124.09,124.12,1948.11,13.07
Adastra,MI250,Llama-3.3-70B-Instruct,Llama,sonnet,vllm,benchmark_serving.py,150,2,8,32,16,1,16384,--disable-log-requests,48.54,49.23,152.02,431.67,1629.23,156.0,156.0,868.05,5.82
Adastra,MI250,Llama-3.3-70B-Instruct,Llama,sonnet,vllm,benchmark_serving.py,500,2,8,32,16,1,16384,--disable-log-requests,50.62,50.63,141.95,357.0,14274.56,123.99,124.01,1962.34,13.16
Adastra,MI250,Llama-3.3-70B-Instruct,Llama,sonnet,vllm,benchmark_serving.py,250,2,8,32,16,1,16384,--disable-log-requests,50.0,50.26,142.08,349.0,610.95,124.14,124.17,1944.7,13.04
Adastra,MI250,Mistral-7B-Instruct-v0.3,Mistral,sharegpt,vllm,benchmark_serving.py,300,1,8,8,8,1,32768,--disable-log-requests,46.44,46.48,101.93,274.33,1403.67,45.29,44.71,3178.06,13.87
Adastra,MI250,Mistral-7B-Instruct-v0.3,Mistral,sharegpt,vllm,benchmark_serving.py,1000,1,8,8,8,1,32768,--disable-log-requests,46.44,46.48,101.33,274.33,11411.11,45.78,45.08,3088.57,13.42
Adastra,MI250,Mistral-7B-Instruct-v0.3,Mistral,sharegpt,vllm,benchmark_serving.py,150,1,8,8,8,1,32768,--disable-log-requests,46.04,46.15,106.26,337.0,313.73,45.72,45.99,2283.72,9.98
Adastra,MI250,Mistral-7B-Instruct-v0.3,Mistral,sharegpt,vllm,benchmark_serving.py,500,1,8,8,8,1,32768,--disable-log-requests,46.44,46.48,101.66,273.33,6235.66,46.04,45.27,3089.98,13.48
Adastra,MI250,Mistral-7B-Instruct-v0.3,Mistral,sharegpt,vllm,benchmark_serving.py,250,1,8,8,8,1,32768,--disable-log-requests,46.36,46.48,101.93,274.0,244.14,45.09,44.37,3165.17,13.84
Adastra,MI250,Mistral-7B-Instruct-v0.3,Mistral,sharegpt,vllm,benchmark_serving.py,300,4,8,128,32,1,4096,--disable-log-requests,46.35,46.38,91.03,221.0,1551.91,50.53,49.99,2905.37,12.68
Adastra,MI250,Mistral-7B-Instruct-v0.3,Mistral,sharegpt,vllm,benchmark_serving.py,1000,4,8,128,32,1,4096,--disable-log-requests,46.35,46.38,90.56,222.0,12449.67,50.51,50.15,2838.79,12.38
Adastra,MI250,Mistral-7B-Instruct-v0.3,Mistral,sharegpt,vllm,benchmark_serving.py,150,4,8,128,32,1,4096,--disable-log-requests,46.09,46.19,93.15,239.33,366.6,51.24,52.18,2065.55,8.99
Adastra,MI250,Mistral-7B-Instruct-v0.3,Mistral,sharegpt,vllm,benchmark_serving.py,500,4,8,128,32,1,4096,--disable-log-requests,46.35,46.38,90.96,221.33,6779.84,50.5,49.96,2875.9,12.6
Adastra,MI250,Mistral-7B-Instruct-v0.3,Mistral,sharegpt,vllm,benchmark_serving.py,250,4,8,128,32,1,4096,--disable-log-requests,46.3,46.38,91.19,221.67,259.37,49.93,49.36,2869.96,12.55
Adastra,MI250,Mistral-7B-Instruct-v0.3,Mistral,sharegpt,vllm,benchmark_serving.py,300,1,8,8,8,1,16384,--disable-log-requests,46.36,46.39,100.34,271.33,1387.78,44.87,44.21,3202.17,13.95
Adastra,MI250,Mistral-7B-Instruct-v0.3,Mistral,sharegpt,vllm,benchmark_serving.py,1000,1,8,8,8,1,16384,--disable-log-requests,46.36,46.39,99.74,271.33,11045.1,44.71,44.13,3108.78,13.57
Adastra,MI250,Mistral-7B-Instruct-v0.3,Mistral,sharegpt,vllm,benchmark_serving.py,150,1,8,8,8,1,16384,--disable-log-requests,46.05,46.15,108.35,332.0,266.92,44.99,45.33,2321.87,10.13
Adastra,MI250,Mistral-7B-Instruct-v0.3,Mistral,sharegpt,vllm,benchmark_serving.py,500,1,8,8,8,1,16384,--disable-log-requests,46.36,46.39,100.12,270.67,6093.83,45.02,44.4,3187.07,13.91
Adastra,MI250,Mistral-7B-Instruct-v0.3,Mistral,sharegpt,vllm,benchmark_serving.py,250,1,8,8,8,1,16384,--disable-log-requests,46.3,46.39,100.25,270.0,245.13,44.54,43.88,3163.1,13.88
Adastra,MI250,Mistral-7B-Instruct-v0.3,Mistral,sharegpt,vllm,benchmark_serving.py,300,2,8,32,16,1,32768,--disable-log-requests,46.39,46.4,95.26,238.33,1466.37,48.03,47.3,2989.13,13.14
Adastra,MI250,Mistral-7B-Instruct-v0.3,Mistral,sharegpt,vllm,benchmark_serving.py,1000,2,8,32,16,1,32768,--disable-log-requests,46.39,46.4,94.98,240.67,11790.85,47.46,46.95,2989.37,12.97
Adastra,MI250,Mistral-7B-Instruct-v0.3,Mistral,sharegpt,vllm,benchmark_serving.py,150,2,8,32,16,1,32768,--disable-log-requests,46.08,46.15,99.72,283.67,253.31,46.59,46.91,2256.84,9.81
Adastra,MI250,Mistral-7B-Instruct-v0.3,Mistral,sharegpt,vllm,benchmark_serving.py,500,2,8,32,16,1,32768,--disable-log-requests,46.39,46.4,94.93,240.33,6465.97,47.94,47.16,3000.13,13.22
Adastra,MI250,Mistral-7B-Instruct-v0.3,Mistral,sharegpt,vllm,benchmark_serving.py,250,2,8,32,16,1,32768,--disable-log-requests,46.33,46.4,95.49,240.0,248.61,47.27,46.58,2994.79,13.05
Adastra,MI250,Mistral-7B-Instruct-v0.3,Mistral,sharegpt,vllm,benchmark_serving.py,300,1,8,8,8,1,4096,--disable-log-requests,46.35,46.38,101.11,273.0,1399.65,44.66,44.04,3205.65,13.97
Adastra,MI250,Mistral-7B-Instruct-v0.3,Mistral,sharegpt,vllm,benchmark_serving.py,1000,1,8,8,8,1,4096,--disable-log-requests,46.35,46.38,100.6,272.67,11403.02,45.44,44.8,3088.54,13.52
Adastra,MI250,Mistral-7B-Instruct-v0.3,Mistral,sharegpt,vllm,benchmark_serving.py,150,1,8,8,8,1,4096,--disable-log-requests,46.04,46.14,107.3,329.0,289.97,45.05,45.59,2320.35,10.13
Adastra,MI250,Mistral-7B-Instruct-v0.3,Mistral,sharegpt,vllm,benchmark_serving.py,500,1,8,8,8,1,4096,--disable-log-requests,46.35,46.38,101.08,273.33,5982.74,44.67,44.1,3199.94,13.95
Adastra,MI250,Mistral-7B-Instruct-v0.3,Mistral,sharegpt,vllm,benchmark_serving.py,250,1,8,8,8,1,4096,--disable-log-requests,46.29,46.38,101.2,270.33,247.14,45.25,44.5,3111.9,13.6
Adastra,MI250,Mistral-7B-Instruct-v0.3,Mistral,sharegpt,vllm,benchmark_serving.py,300,4,8,128,32,1,32768,--disable-log-requests,46.38,46.41,91.14,223.33,1549.05,50.32,49.82,2939.28,12.85
Adastra,MI250,Mistral-7B-Instruct-v0.3,Mistral,sharegpt,vllm,benchmark_serving.py,1000,4,8,128,32,1,32768,--disable-log-requests,46.38,46.41,90.67,223.67,12499.15,50.05,49.68,2884.56,12.51
Adastra,MI250,Mistral-7B-Instruct-v0.3,Mistral,sharegpt,vllm,benchmark_serving.py,150,4,8,128,32,1,32768,--disable-log-requests,46.09,46.19,93.95,250.0,304.36,50.44,51.13,2103.07,9.16
Adastra,MI250,Mistral-7B-Instruct-v0.3,Mistral,sharegpt,vllm,benchmark_serving.py,500,4,8,128,32,1,32768,--disable-log-requests,46.38,46.41,91.02,223.33,6761.91,50.28,49.69,2881.24,12.58
Adastra,MI250,Mistral-7B-Instruct-v0.3,Mistral,sharegpt,vllm,benchmark_serving.py,250,4,8,128,32,1,32768,--disable-log-requests,46.33,46.41,91.15,223.0,262.42,50.0,49.4,2866.86,12.55
Adastra,MI250,Mistral-7B-Instruct-v0.3,Mistral,sharegpt,vllm,benchmark_serving.py,300,2,8,32,16,1,4096,--disable-log-requests,46.39,46.4,94.19,239.0,1505.81,48.46,47.9,3012.59,13.17
Adastra,MI250,Mistral-7B-Instruct-v0.3,Mistral,sharegpt,vllm,benchmark_serving.py,1000,2,8,32,16,1,4096,--disable-log-requests,46.39,46.4,93.82,239.67,11844.09,47.35,46.84,3019.37,13.27
Adastra,MI250,Mistral-7B-Instruct-v0.3,Mistral,sharegpt,vllm,benchmark_serving.py,150,2,8,32,16,1,4096,--disable-log-requests,46.08,46.16,97.87,283.67,254.43,47.28,47.56,2219.9,9.69
Adastra,MI250,Mistral-7B-Instruct-v0.3,Mistral,sharegpt,vllm,benchmark_serving.py,500,2,8,32,16,1,4096,--disable-log-requests,46.39,46.4,94.45,239.33,6360.71,47.38,46.76,3021.47,13.22
Adastra,MI250,Mistral-7B-Instruct-v0.3,Mistral,sharegpt,vllm,benchmark_serving.py,250,2,8,32,16,1,4096,--disable-log-requests,46.34,46.4,94.68,238.67,249.68,47.15,46.55,3020.08,13.14
Adastra,MI250,Mistral-7B-Instruct-v0.3,Mistral,sharegpt,vllm,benchmark_serving.py,300,4,8,128,32,1,16384,--disable-log-requests,46.43,46.47,91.13,221.67,1548.67,50.26,49.71,2886.56,12.66
Adastra,MI250,Mistral-7B-Instruct-v0.3,Mistral,sharegpt,vllm,benchmark_serving.py,1000,4,8,128,32,1,16384,--disable-log-requests,46.43,46.47,90.34,220.67,12974.35,51.63,51.15,2845.72,12.44
Adastra,MI250,Mistral-7B-Instruct-v0.3,Mistral,sharegpt,vllm,benchmark_serving.py,150,4,8,128,32,1,16384,--disable-log-requests,46.09,46.19,93.84,247.67,307.94,50.76,51.42,2086.98,9.1
Adastra,MI250,Mistral-7B-Instruct-v0.3,Mistral,sharegpt,vllm,benchmark_serving.py,500,4,8,128,32,1,16384,--disable-log-requests,46.43,46.47,91.1,221.33,6822.5,50.5,50.0,2875.56,12.53
Adastra,MI250,Mistral-7B-Instruct-v0.3,Mistral,sharegpt,vllm,benchmark_serving.py,250,4,8,128,32,1,16384,--disable-log-requests,46.37,46.47,91.24,221.67,257.99,49.91,49.34,2856.19,12.56
Adastra,MI250,Mistral-7B-Instruct-v0.3,Mistral,sharegpt,vllm,benchmark_serving.py,300,2,8,32,16,1,16384,--disable-log-requests,46.42,46.43,94.28,239.33,1456.14,47.0,46.36,3070.11,13.32
Adastra,MI250,Mistral-7B-Instruct-v0.3,Mistral,sharegpt,vllm,benchmark_serving.py,1000,2,8,32,16,1,16384,--disable-log-requests,46.42,46.43,93.8,240.0,11644.18,46.89,46.33,3019.98,13.13
Adastra,MI250,Mistral-7B-Instruct-v0.3,Mistral,sharegpt,vllm,benchmark_serving.py,150,2,8,32,16,1,16384,--disable-log-requests,46.08,46.16,97.34,282.0,253.18,46.63,47.01,2257.26,9.88
Adastra,MI250,Mistral-7B-Instruct-v0.3,Mistral,sharegpt,vllm,benchmark_serving.py,500,2,8,32,16,1,16384,--disable-log-requests,46.42,46.43,94.07,239.67,6324.1,47.1,46.5,3063.59,13.33
Adastra,MI250,Mistral-7B-Instruct-v0.3,Mistral,sharegpt,vllm,benchmark_serving.py,250,2,8,32,16,1,16384,--disable-log-requests,46.36,46.43,94.39,238.33,248.86,47.26,46.63,3011.24,13.1
Adastra,MI250,Llama-3.1-8B-Instruct,Llama,sharegpt,vllm,benchmark_serving.py,300,1,8,8,8,1,32768,--disable-log-requests,50.28,50.4,110.98,288.67,1657.58,56.34,57.25,2937.86,14.82
Adastra,MI250,Llama-3.1-8B-Instruct,Llama,sharegpt,vllm,benchmark_serving.py,1000,1,8,8,8,1,32768,--disable-log-requests,50.36,50.4,110.09,288.33,14496.76,56.79,57.86,2868.98,14.5
Adastra,MI250,Llama-3.1-8B-Instruct,Llama,sharegpt,vllm,benchmark_serving.py,150,1,8,8,8,1,32768,--disable-log-requests,48.19,48.81,115.39,327.0,228.72,51.49,52.51,2191.57,11.05
Adastra,MI250,Llama-3.1-8B-Instruct,Llama,sharegpt,vllm,benchmark_serving.py,500,1,8,8,8,1,32768,--disable-log-requests,50.36,50.4,110.72,290.67,7631.78,55.84,56.87,2954.94,14.93
Adastra,MI250,Llama-3.1-8B-Instruct,Llama,sharegpt,vllm,benchmark_serving.py,250,1,8,8,8,1,32768,--disable-log-requests,49.72,50.03,110.96,287.67,195.36,55.92,56.83,2901.45,14.63
Adastra,MI250,Llama-3.1-8B-Instruct,Llama,sharegpt,vllm,benchmark_serving.py,300,4,8,128,32,1,4096,--disable-log-requests,50.07,50.19,99.93,250.5,1831.3,62.16,63.57,2707.06,13.66
Adastra,MI250,Llama-3.1-8B-Instruct,Llama,sharegpt,vllm,benchmark_serving.py,1000,4,8,128,32,1,4096,--disable-log-requests,50.15,50.19,99.46,250.0,16122.07,63.68,64.93,2638.61,13.33
Adastra,MI250,Llama-3.1-8B-Instruct,Llama,sharegpt,vllm,benchmark_serving.py,150,4,8,128,32,1,4096,--disable-log-requests,48.1,48.78,99.43,253.0,260.25,56.31,57.74,2024.92,10.2
Adastra,MI250,Llama-3.1-8B-Instruct,Llama,sharegpt,vllm,benchmark_serving.py,500,4,8,128,32,1,4096,--disable-log-requests,50.15,50.19,99.34,251.5,8283.85,60.94,62.3,2720.44,13.75
Adastra,MI250,Llama-3.1-8B-Instruct,Llama,sharegpt,vllm,benchmark_serving.py,250,4,8,128,32,1,4096,--disable-log-requests,49.56,49.81,100.17,250.0,203.22,60.32,61.51,2706.48,13.7
Adastra,MI250,Llama-3.1-8B-Instruct,Llama,sharegpt,vllm,benchmark_serving.py,300,1,8,8,8,1,16384,--disable-log-requests,50.54,50.66,111.43,293.0,1644.45,55.65,56.7,2982.88,15.06
Adastra,MI250,Llama-3.1-8B-Instruct,Llama,sharegpt,vllm,benchmark_serving.py,1000,1,8,8,8,1,16384,--disable-log-requests,50.63,50.66,110.86,293.67,14246.74,55.49,56.62,2964.16,14.95
Adastra,MI250,Llama-3.1-8B-Instruct,Llama,sharegpt,vllm,benchmark_serving.py,150,1,8,8,8,1,16384,--disable-log-requests,48.28,48.95,115.25,329.67,228.45,50.86,51.96,2222.59,11.22
Adastra,MI250,Llama-3.1-8B-Instruct,Llama,sharegpt,vllm,benchmark_serving.py,500,1,8,8,8,1,16384,--disable-log-requests,50.63,50.66,111.09,292.33,7686.58,56.33,57.42,2930.49,14.79
Adastra,MI250,Llama-3.1-8B-Instruct,Llama,sharegpt,vllm,benchmark_serving.py,250,1,8,8,8,1,16384,--disable-log-requests,49.96,50.29,111.37,290.67,198.41,55.23,56.23,2948.01,14.89
Adastra,MI250,Llama-3.1-8B-Instruct,Llama,sharegpt,vllm,benchmark_serving.py,300,2,8,32,16,1,32768,--disable-log-requests,50.58,50.67,105.4,267.67,1707.08,58.17,59.28,2841.8,14.37
Adastra,MI250,Llama-3.1-8B-Instruct,Llama,sharegpt,vllm,benchmark_serving.py,1000,2,8,32,16,1,32768,--disable-log-requests,50.66,50.67,104.79,267.33,15022.59,59.17,60.38,2752.02,13.9
Adastra,MI250,Llama-3.1-8B-Instruct,Llama,sharegpt,vllm,benchmark_serving.py,150,2,8,32,16,1,32768,--disable-log-requests,48.2,48.89,105.6,277.33,242.48,53.1,54.27,2124.51,10.73
Adastra,MI250,Llama-3.1-8B-Instruct,Llama,sharegpt,vllm,benchmark_serving.py,500,2,8,32,16,1,32768,--disable-log-requests,50.66,50.67,104.99,267.67,7965.1,58.71,59.88,2814.15,14.24
Adastra,MI250,Llama-3.1-8B-Instruct,Llama,sharegpt,vllm,benchmark_serving.py,250,2,8,32,16,1,32768,--disable-log-requests,49.99,50.31,105.32,265.33,200.43,58.03,59.06,2807.61,14.17
Adastra,MI250,Llama-3.1-8B-Instruct,Llama,sharegpt,vllm,benchmark_serving.py,300,1,8,8,8,1,4096,--disable-log-requests,50.32,50.44,111.13,291.33,1657.65,56.62,57.53,2915.9,14.74
Adastra,MI250,Llama-3.1-8B-Instruct,Llama,sharegpt,vllm,benchmark_serving.py,1000,1,8,8,8,1,4096,--disable-log-requests,50.4,50.44,110.66,293.67,14079.99,55.22,56.26,2946.12,14.88
Adastra,MI250,Llama-3.1-8B-Instruct,Llama,sharegpt,vllm,benchmark_serving.py,150,1,8,8,8,1,4096,--disable-log-requests,48.08,48.74,113.96,323.67,274.17,50.68,51.89,2217.71,11.19
Adastra,MI250,Llama-3.1-8B-Instruct,Llama,sharegpt,vllm,benchmark_serving.py,500,1,8,8,8,1,4096,--disable-log-requests,50.4,50.44,111.02,291.67,7637.15,56.0,57.1,2944.61,14.87
Adastra,MI250,Llama-3.1-8B-Instruct,Llama,sharegpt,vllm,benchmark_serving.py,250,1,8,8,8,1,4096,--disable-log-requests,49.74,50.07,111.2,291.33,194.25,54.9,55.87,2949.39,14.89
Adastra,MI250,Llama-3.1-8B-Instruct,Llama,sharegpt,vllm,benchmark_serving.py,300,4,8,128,32,1,32768,--disable-log-requests,50.43,50.55,101.95,250.0,1805.67,61.68,62.86,2704.98,13.68
Adastra,MI250,Llama-3.1-8B-Instruct,Llama,sharegpt,vllm,benchmark_serving.py,1000,4,8,128,32,1,32768,--disable-log-requests,50.51,50.55,101.06,251.0,15643.43,62.07,63.44,2667.73,13.45
Adastra,MI250,Llama-3.1-8B-Instruct,Llama,sharegpt,vllm,benchmark_serving.py,150,4,8,128,32,1,32768,--disable-log-requests,48.01,48.73,98.87,252.33,341.38,57.22,58.89,1982.7,10.01
Adastra,MI250,Llama-3.1-8B-Instruct,Llama,sharegpt,vllm,benchmark_serving.py,500,4,8,128,32,1,32768,--disable-log-requests,50.51,50.55,101.7,251.0,8378.62,61.96,63.24,2692.08,13.61
Adastra,MI250,Llama-3.1-8B-Instruct,Llama,sharegpt,vllm,benchmark_serving.py,250,4,8,128,32,1,32768,--disable-log-requests,49.84,50.18,101.93,250.67,207.69,60.27,61.44,2711.8,13.68
Adastra,MI250,Llama-3.1-8B-Instruct,Llama,sharegpt,vllm,benchmark_serving.py,300,2,8,32,16,1,4096,--disable-log-requests,50.46,50.55,105.52,267.0,1721.84,58.52,59.7,2841.99,14.35
Adastra,MI250,Llama-3.1-8B-Instruct,Llama,sharegpt,vllm,benchmark_serving.py,1000,2,8,32,16,1,4096,--disable-log-requests,50.54,50.55,104.74,267.33,14714.89,57.95,59.23,2804.33,14.21
Adastra,MI250,Llama-3.1-8B-Instruct,Llama,sharegpt,vllm,benchmark_serving.py,150,2,8,32,16,1,4096,--disable-log-requests,48.02,48.7,104.13,275.67,317.64,54.23,55.68,2077.26,10.48
Adastra,MI250,Llama-3.1-8B-Instruct,Llama,sharegpt,vllm,benchmark_serving.py,500,2,8,32,16,1,4096,--disable-log-requests,50.54,50.55,105.26,268.0,7845.61,57.67,58.79,2854.53,14.42
Adastra,MI250,Llama-3.1-8B-Instruct,Llama,sharegpt,vllm,benchmark_serving.py,250,2,8,32,16,1,4096,--disable-log-requests,49.84,50.18,105.5,266.67,222.16,57.33,58.94,2833.44,14.3
Adastra,MI250,Llama-3.1-8B-Instruct,Llama,sharegpt,vllm,benchmark_serving.py,300,4,8,128,32,1,16384,--disable-log-requests,50.42,50.53,100.62,248.33,1797.87,61.23,62.6,2733.42,13.81
Adastra,MI250,Llama-3.1-8B-Instruct,Llama,sharegpt,vllm,benchmark_serving.py,1000,4,8,128,32,1,16384,--disable-log-requests,50.49,50.53,100.53,249.67,15619.33,61.12,62.55,2694.08,13.61
Adastra,MI250,Llama-3.1-8B-Instruct,Llama,sharegpt,vllm,benchmark_serving.py,150,4,8,128,32,1,16384,--disable-log-requests,48.03,48.73,98.6,251.0,324.64,57.25,58.92,1981.76,10.02
Adastra,MI250,Llama-3.1-8B-Instruct,Llama,sharegpt,vllm,benchmark_serving.py,500,4,8,128,32,1,16384,--disable-log-requests,50.49,50.53,100.78,249.67,8331.03,60.85,62.1,2719.41,13.74
Adastra,MI250,Llama-3.1-8B-Instruct,Llama,sharegpt,vllm,benchmark_serving.py,250,4,8,128,32,1,16384,--disable-log-requests,49.82,50.16,100.82,248.0,208.51,61.07,62.28,2688.68,13.56
Adastra,MI250,Llama-3.1-8B-Instruct,Llama,sharegpt,vllm,benchmark_serving.py,300,2,8,32,16,1,16384,--disable-log-requests,50.32,50.41,104.4,265.67,1701.49,58.08,59.09,2848.38,14.37
Adastra,MI250,Llama-3.1-8B-Instruct,Llama,sharegpt,vllm,benchmark_serving.py,1000,2,8,32,16,1,16384,--disable-log-requests,50.4,50.41,103.7,266.33,14824.29,57.93,59.14,2791.17,14.09
Adastra,MI250,Llama-3.1-8B-Instruct,Llama,sharegpt,vllm,benchmark_serving.py,150,2,8,32,16,1,16384,--disable-log-requests,48.11,48.8,104.25,275.67,240.59,52.92,54.09,2136.08,10.78
Adastra,MI250,Llama-3.1-8B-Instruct,Llama,sharegpt,vllm,benchmark_serving.py,500,2,8,32,16,1,16384,--disable-log-requests,50.4,50.41,103.83,265.67,7947.34,57.99,59.1,2834.37,14.29
Adastra,MI250,Llama-3.1-8B-Instruct,Llama,sharegpt,vllm,benchmark_serving.py,250,2,8,32,16,1,16384,--disable-log-requests,49.76,50.04,104.37,264.0,197.62,57.25,58.29,2838.3,14.35
Adastra,MI250,gemma-3-12b-it,Google,sharegpt,vllm,benchmark_serving.py,300,1,8,8,8,1,32768,--disable-log-requests,55.8,55.94,111.51,275.0,3592.85,127.16,131.74,1241.98,6.07
Adastra,MI250,gemma-3-12b-it,Google,sharegpt,vllm,benchmark_serving.py,1000,1,8,8,8,1,32768,--disable-log-requests,55.9,55.94,111.36,277.33,30355.86,127.34,130.68,1240.16,6.05
Adastra,MI250,gemma-3-12b-it,Google,sharegpt,vllm,benchmark_serving.py,150,1,8,8,8,1,32768,--disable-log-requests,50.52,51.53,112.27,339.0,680.0,113.9,117.77,948.97,4.65
Adastra,MI250,gemma-3-12b-it,Google,sharegpt,vllm,benchmark_serving.py,500,1,8,8,8,1,32768,--disable-log-requests,55.9,55.94,111.26,276.33,16789.24,127.32,134.51,1233.75,6.04
Adastra,MI250,gemma-3-12b-it,Google,sharegpt,vllm,benchmark_serving.py,250,1,8,8,8,1,32768,--disable-log-requests,54.62,55.18,111.2,274.0,333.75,126.55,129.26,1216.42,5.95
Adastra,MI250,gemma-3-12b-it,Google,sharegpt,vllm,benchmark_serving.py,300,1,8,8,8,1,16384,--disable-log-requests,55.78,55.92,111.46,274.33,3559.31,126.52,131.0,1243.0,6.09
Adastra,MI250,gemma-3-12b-it,Google,sharegpt,vllm,benchmark_serving.py,1000,1,8,8,8,1,16384,--disable-log-requests,55.89,55.92,111.21,274.67,30596.12,127.66,133.76,1239.1,6.06
Adastra,MI250,gemma-3-12b-it,Google,sharegpt,vllm,benchmark_serving.py,150,1,8,8,8,1,16384,--disable-log-requests,50.3,51.28,111.74,346.67,696.5,115.18,120.68,939.04,4.6
Adastra,MI250,gemma-3-12b-it,Google,sharegpt,vllm,benchmark_serving.py,500,1,8,8,8,1,16384,--disable-log-requests,55.89,55.92,111.19,273.67,16803.38,126.97,131.48,1237.35,6.07
Adastra,MI250,gemma-3-12b-it,Google,sharegpt,vllm,benchmark_serving.py,250,1,8,8,8,1,16384,--disable-log-requests,54.57,55.17,111.45,273.0,332.0,125.12,129.48,1233.24,6.03
Adastra,MI250,gemma-3-12b-it,Google,sharegpt,vllm,benchmark_serving.py,300,2,8,32,16,1,32768,--disable-log-requests,54.89,55.0,108.22,261.5,3594.01,127.82,134.95,1240.1,6.09
Adastra,MI250,gemma-3-12b-it,Google,sharegpt,vllm,benchmark_serving.py,1000,2,8,32,16,1,32768,--disable-log-requests,54.99,55.0,108.27,261.5,30339.14,127.54,137.96,1238.46,6.06
Adastra,MI250,gemma-3-12b-it,Google,sharegpt,vllm,benchmark_serving.py,150,2,8,32,16,1,32768,--disable-log-requests,49.55,50.61,106.35,284.0,735.97,115.74,119.09,933.02,4.57
Adastra,MI250,gemma-3-12b-it,Google,sharegpt,vllm,benchmark_serving.py,500,2,8,32,16,1,32768,--disable-log-requests,54.99,55.0,107.75,261.5,16947.83,128.32,131.51,1236.24,6.05
Adastra,MI250,gemma-3-12b-it,Google,sharegpt,vllm,benchmark_serving.py,250,2,8,32,16,1,32768,--disable-log-requests,53.72,54.25,108.25,260.0,338.05,127.2,130.74,1219.0,5.99
Adastra,MI250,gemma-3-12b-it,Google,sharegpt,vllm,benchmark_serving.py,300,1,8,8,8,1,4096,--disable-log-requests,55.57,55.75,113.14,279.0,3562.8,126.73,133.91,1233.63,6.03
Adastra,MI250,gemma-3-12b-it,Google,sharegpt,vllm,benchmark_serving.py,1000,1,8,8,8,1,4096,--disable-log-requests,55.72,55.75,112.64,278.0,30135.52,127.9,132.35,1217.27,6.0
Adastra,MI250,gemma-3-12b-it,Google,sharegpt,vllm,benchmark_serving.py,150,1,8,8,8,1,4096,--disable-log-requests,50.18,51.1,113.94,376.0,625.83,115.26,117.68,934.73,4.58
Adastra,MI250,gemma-3-12b-it,Google,sharegpt,vllm,benchmark_serving.py,500,1,8,8,8,1,4096,--disable-log-requests,55.72,55.75,112.96,278.0,16674.47,126.23,129.4,1241.53,6.09
Adastra,MI250,gemma-3-12b-it,Google,sharegpt,vllm,benchmark_serving.py,250,1,8,8,8,1,4096,--disable-log-requests,54.18,54.75,112.9,277.0,335.06,126.17,129.02,1225.64,5.99
Adastra,MI250,gemma-3-12b-it,Google,sharegpt,vllm,benchmark_serving.py,300,2,8,32,16,1,4096,--disable-log-requests,55.59,55.7,109.15,263.5,3601.53,128.05,133.47,1235.21,6.05
Adastra,MI250,gemma-3-12b-it,Google,sharegpt,vllm,benchmark_serving.py,1000,2,8,32,16,1,4096,--disable-log-requests,55.69,55.7,108.59,262.5,30296.7,127.86,135.13,1230.25,6.01
Adastra,MI250,gemma-3-12b-it,Google,sharegpt,vllm,benchmark_serving.py,150,2,8,32,16,1,4096,--disable-log-requests,49.53,50.58,106.65,292.0,670.65,117.25,121.99,925.6,4.55
Adastra,MI250,gemma-3-12b-it,Google,sharegpt,vllm,benchmark_serving.py,500,2,8,32,16,1,4096,--disable-log-requests,55.69,55.7,108.65,261.5,16955.69,128.15,134.26,1232.27,6.04
Adastra,MI250,gemma-3-12b-it,Google,sharegpt,vllm,benchmark_serving.py,250,2,8,32,16,1,4096,--disable-log-requests,54.33,54.95,108.37,260.0,340.51,129.55,132.34,1200.75,5.91
Adastra,MI250,gemma-3-12b-it,Google,sharegpt,vllm,benchmark_serving.py,300,2,8,32,16,1,16384,--disable-log-requests,55.02,55.14,108.17,258.33,3572.97,127.43,130.57,1238.2,6.07
Adastra,MI250,gemma-3-12b-it,Google,sharegpt,vllm,benchmark_serving.py,1000,2,8,32,16,1,16384,--disable-log-requests,55.13,55.14,107.89,259.0,30360.57,128.46,136.51,1225.98,6.01
Adastra,MI250,gemma-3-12b-it,Google,sharegpt,vllm,benchmark_serving.py,150,2,8,32,16,1,16384,--disable-log-requests,49.26,50.26,105.98,282.0,696.35,116.82,121.04,931.92,4.55
Adastra,MI250,gemma-3-12b-it,Google,sharegpt,vllm,benchmark_serving.py,500,2,8,32,16,1,16384,--disable-log-requests,55.13,55.14,107.86,258.33,16988.66,129.07,132.18,1218.2,5.98
Adastra,MI250,gemma-3-12b-it,Google,sharegpt,vllm,benchmark_serving.py,250,2,8,32,16,1,16384,--disable-log-requests,53.79,54.38,107.96,257.67,340.42,128.15,134.19,1216.04,5.95
Adastra,MI250,Llama-3.1-405B,Llama,sharegpt,vllm,benchmark_serving.py,300,4,8,128,32,1,4096,--disable-log-requests,54.82,55.0,159.27,398.67,16743.81,474.31,623.81,352.06,1.78
Adastra,MI250,Llama-3.1-405B,Llama,sharegpt,vllm,benchmark_serving.py,1000,4,8,128,32,1,4096,--disable-log-requests,54.96,55.0,158.97,398.67,82416.71,478.7,630.5,345.02,1.79
Adastra,MI250,Llama-3.1-405B,Llama,sharegpt,vllm,benchmark_serving.py,150,4,8,128,32,1,4096,--disable-log-requests,48.95,49.64,150.72,395.67,3875.51,370.65,445.65,298.35,1.54
Adastra,MI250,Llama-3.1-405B,Llama,sharegpt,vllm,benchmark_serving.py,500,4,8,128,32,1,4096,--disable-log-requests,54.96,55.0,158.99,399.33,50008.06,478.32,631.27,346.6,1.78
Adastra,MI250,Llama-3.1-405B,Llama,sharegpt,vllm,benchmark_serving.py,250,4,8,128,32,1,4096,--disable-log-requests,53.36,54.39,158.32,398.67,7893.07,471.37,615.35,340.29,1.75
Adastra,MI250,Llama-3.1-405B,Llama,sharegpt,vllm,benchmark_serving.py,300,4,8,128,32,1,32768,--disable-log-requests,55.6,55.77,159.6,402.67,16701.93,476.6,628.22,347.31,1.79
Adastra,MI250,Llama-3.1-405B,Llama,sharegpt,vllm,benchmark_serving.py,1000,4,8,128,32,1,32768,--disable-log-requests,55.74,55.77,159.7,403.67,83062.59,475.1,621.31,350.95,1.78
Adastra,MI250,Llama-3.1-405B,Llama,sharegpt,vllm,benchmark_serving.py,150,4,8,128,32,1,32768,--disable-log-requests,48.95,49.64,151.12,399.33,3862.9,369.65,441.6,299.95,1.54
Adastra,MI250,Llama-3.1-405B,Llama,sharegpt,vllm,benchmark_serving.py,500,4,8,128,32,1,32768,--disable-log-requests,55.74,55.77,159.51,403.33,50307.38,474.16,627.07,348.4,1.78
Adastra,MI250,Llama-3.1-405B,Llama,sharegpt,vllm,benchmark_serving.py,250,4,8,128,32,1,32768,--disable-log-requests,53.93,55.16,159.97,403.0,7985.82,470.7,613.8,346.43,1.78
Adastra,MI250,Llama-3.1-405B,Llama,sharegpt,vllm,benchmark_serving.py,300,4,8,128,32,1,16384,--disable-log-requests,56.58,56.73,160.96,405.67,16617.08,478.25,626.58,346.38,1.78
Adastra,MI250,Llama-3.1-405B,Llama,sharegpt,vllm,benchmark_serving.py,1000,4,8,128,32,1,16384,--disable-log-requests,56.69,56.73,160.97,406.67,82605.09,475.14,626.45,348.47,1.79
Adastra,MI250,Llama-3.1-405B,Llama,sharegpt,vllm,benchmark_serving.py,150,4,8,128,32,1,16384,--disable-log-requests,48.99,49.71,152.16,400.67,3822.42,370.54,442.03,298.16,1.53
Adastra,MI250,Llama-3.1-405B,Llama,sharegpt,vllm,benchmark_serving.py,500,4,8,128,32,1,16384,--disable-log-requests,56.69,56.73,160.8,406.67,50099.04,478.96,631.49,346.78,1.78
Adastra,MI250,Llama-3.1-405B,Llama,sharegpt,vllm,benchmark_serving.py,250,4,8,128,32,1,16384,--disable-log-requests,54.8,56.24,161.49,406.67,7987.24,467.75,615.77,344.78,1.78
Adastra,MI250,Llama-3.3-70B-Instruct,Llama,sharegpt,vllm,benchmark_serving.py,300,1,8,8,8,1,32768,--disable-log-requests,50.97,51.05,159.41,409.67,3572.16,125.75,129.48,1291.03,6.29
Adastra,MI250,Llama-3.3-70B-Instruct,Llama,sharegpt,vllm,benchmark_serving.py,1000,1,8,8,8,1,32768,--disable-log-requests,51.02,51.05,159.01,409.67,29762.13,125.43,129.27,1288.62,6.3
Adastra,MI250,Llama-3.3-70B-Instruct,Llama,sharegpt,vllm,benchmark_serving.py,150,1,8,8,8,1,32768,--disable-log-requests,48.45,48.93,169.7,519.33,1073.29,133.82,145.54,846.17,4.13
Adastra,MI250,Llama-3.3-70B-Instruct,Llama,sharegpt,vllm,benchmark_serving.py,500,1,8,8,8,1,32768,--disable-log-requests,51.02,51.05,159.57,410.0,16353.58,125.51,129.28,1297.27,6.34
Adastra,MI250,Llama-3.3-70B-Instruct,Llama,sharegpt,vllm,benchmark_serving.py,250,1,8,8,8,1,32768,--disable-log-requests,50.37,50.69,156.9,409.0,393.33,124.22,128.18,1277.79,6.24
Adastra,MI250,Llama-3.3-70B-Instruct,Llama,sharegpt,vllm,benchmark_serving.py,300,4,8,128,32,1,4096,--disable-log-requests,50.99,51.07,119.63,288.5,3748.77,133.19,136.93,1233.33,6.05
Adastra,MI250,Llama-3.3-70B-Instruct,Llama,sharegpt,vllm,benchmark_serving.py,1000,4,8,128,32,1,4096,--disable-log-requests,51.04,51.07,119.25,287.5,31262.6,133.21,136.9,1215.58,5.94
Adastra,MI250,Llama-3.3-70B-Instruct,Llama,sharegpt,vllm,benchmark_serving.py,150,4,8,128,32,1,4096,--disable-log-requests,48.4,48.94,120.2,333.0,984.15,135.53,145.22,831.17,4.06
Adastra,MI250,Llama-3.3-70B-Instruct,Llama,sharegpt,vllm,benchmark_serving.py,500,4,8,128,32,1,4096,--disable-log-requests,51.04,51.07,119.65,288.5,17218.86,132.94,136.91,1236.47,6.05
Adastra,MI250,Llama-3.3-70B-Instruct,Llama,sharegpt,vllm,benchmark_serving.py,250,4,8,128,32,1,4096,--disable-log-requests,50.42,50.7,119.47,287.5,391.98,131.78,135.18,1218.24,5.96
Adastra,MI250,Llama-3.3-70B-Instruct,Llama,sharegpt,vllm,benchmark_serving.py,300,1,8,8,8,1,16384,--disable-log-requests,50.84,50.92,156.42,402.33,3586.0,126.13,129.67,1286.39,6.29
Adastra,MI250,Llama-3.3-70B-Instruct,Llama,sharegpt,vllm,benchmark_serving.py,1000,1,8,8,8,1,16384,--disable-log-requests,50.89,50.92,155.85,403.0,30052.7,126.56,130.27,1275.61,6.25
Adastra,MI250,Llama-3.3-70B-Instruct,Llama,sharegpt,vllm,benchmark_serving.py,150,1,8,8,8,1,16384,--disable-log-requests,48.39,48.79,169.65,515.0,992.44,133.56,144.67,845.73,4.13
Adastra,MI250,Llama-3.3-70B-Instruct,Llama,sharegpt,vllm,benchmark_serving.py,500,1,8,8,8,1,16384,--disable-log-requests,50.89,50.92,156.54,403.67,16389.21,125.7,129.32,1288.74,6.31
Adastra,MI250,Llama-3.3-70B-Instruct,Llama,sharegpt,vllm,benchmark_serving.py,250,1,8,8,8,1,16384,--disable-log-requests,50.26,50.56,156.86,403.33,390.3,123.61,126.95,1289.05,6.29
Adastra,MI250,Llama-3.3-70B-Instruct,Llama,sharegpt,vllm,benchmark_serving.py,300,2,8,32,16,1,32768,--disable-log-requests,51.02,51.08,136.96,344.33,3454.56,122.98,125.85,1308.63,6.39
Adastra,MI250,Llama-3.3-70B-Instruct,Llama,sharegpt,vllm,benchmark_serving.py,1000,2,8,32,16,1,32768,--disable-log-requests,51.07,51.08,136.57,345.33,28817.91,122.92,125.75,1299.12,6.34
Adastra,MI250,Llama-3.3-70B-Instruct,Llama,sharegpt,vllm,benchmark_serving.py,150,2,8,32,16,1,32768,--disable-log-requests,48.36,48.95,134.98,410.0,1026.41,133.97,146.48,837.75,4.1
Adastra,MI250,Llama-3.3-70B-Instruct,Llama,sharegpt,vllm,benchmark_serving.py,500,2,8,32,16,1,32768,--disable-log-requests,51.07,51.08,136.35,344.67,15951.54,123.82,126.28,1282.04,6.25
Adastra,MI250,Llama-3.3-70B-Instruct,Llama,sharegpt,vllm,benchmark_serving.py,250,2,8,32,16,1,32768,--disable-log-requests,50.39,50.72,133.24,341.67,376.27,122.21,124.67,1286.81,6.28
Adastra,MI250,Llama-3.3-70B-Instruct,Llama,sharegpt,vllm,benchmark_serving.py,300,1,8,8,8,1,4096,--disable-log-requests,50.98,51.06,157.88,404.33,3567.84,125.98,129.64,1286.58,6.28
Adastra,MI250,Llama-3.3-70B-Instruct,Llama,sharegpt,vllm,benchmark_serving.py,1000,1,8,8,8,1,4096,--disable-log-requests,51.03,51.06,157.14,405.0,29745.06,126.0,129.5,1278.95,6.25
Adastra,MI250,Llama-3.3-70B-Instruct,Llama,sharegpt,vllm,benchmark_serving.py,150,1,8,8,8,1,4096,--disable-log-requests,48.46,48.92,167.41,520.67,1048.1,135.11,146.56,835.33,4.08
Adastra,MI250,Llama-3.3-70B-Instruct,Llama,sharegpt,vllm,benchmark_serving.py,500,1,8,8,8,1,4096,--disable-log-requests,51.03,51.06,157.05,405.33,16322.15,126.23,129.7,1272.85,6.24
Adastra,MI250,Llama-3.3-70B-Instruct,Llama,sharegpt,vllm,benchmark_serving.py,250,1,8,8,8,1,4096,--disable-log-requests,50.4,50.69,158.17,404.0,393.61,123.98,127.43,1286.5,6.28
Adastra,MI250,Llama-3.3-70B-Instruct,Llama,sharegpt,vllm,benchmark_serving.py,300,4,8,128,32,1,32768,--disable-log-requests,51.08,51.16,117.7,285.0,3738.92,132.83,136.54,1235.0,6.03
Adastra,MI250,Llama-3.3-70B-Instruct,Llama,sharegpt,vllm,benchmark_serving.py,1000,4,8,128,32,1,32768,--disable-log-requests,51.13,51.16,117.24,285.0,31394.51,132.86,136.56,1228.86,6.0
Adastra,MI250,Llama-3.3-70B-Instruct,Llama,sharegpt,vllm,benchmark_serving.py,150,4,8,128,32,1,32768,--disable-log-requests,48.55,49.04,119.77,335.0,944.37,137.46,147.68,821.74,4.02
Adastra,MI250,Llama-3.3-70B-Instruct,Llama,sharegpt,vllm,benchmark_serving.py,500,4,8,128,32,1,32768,--disable-log-requests,51.13,51.16,117.21,284.33,17221.69,133.26,136.88,1222.75,5.99
Adastra,MI250,Llama-3.3-70B-Instruct,Llama,sharegpt,vllm,benchmark_serving.py,250,4,8,128,32,1,32768,--disable-log-requests,50.51,50.8,117.22,283.0,392.12,132.51,135.81,1207.78,5.91
Adastra,MI250,Llama-3.3-70B-Instruct,Llama,sharegpt,vllm,benchmark_serving.py,300,2,8,32,16,1,4096,--disable-log-requests,51.01,51.07,133.38,338.67,3460.38,123.38,126.25,1299.38,6.35
Adastra,MI250,Llama-3.3-70B-Instruct,Llama,sharegpt,vllm,benchmark_serving.py,1000,2,8,32,16,1,4096,--disable-log-requests,51.06,51.07,132.54,340.0,29408.95,124.06,126.99,1277.27,6.23
Adastra,MI250,Llama-3.3-70B-Instruct,Llama,sharegpt,vllm,benchmark_serving.py,150,2,8,32,16,1,4096,--disable-log-requests,48.45,48.94,136.95,418.0,962.55,131.94,142.05,851.88,4.17
Adastra,MI250,Llama-3.3-70B-Instruct,Llama,sharegpt,vllm,benchmark_serving.py,500,2,8,32,16,1,4096,--disable-log-requests,51.06,51.07,133.0,338.33,15947.52,124.04,126.83,1287.72,6.3
Adastra,MI250,Llama-3.3-70B-Instruct,Llama,sharegpt,vllm,benchmark_serving.py,250,2,8,32,16,1,4096,--disable-log-requests,50.43,50.7,133.3,336.67,374.29,121.84,124.43,1294.63,6.32
Adastra,MI250,Llama-3.3-70B-Instruct,Llama,sharegpt,vllm,benchmark_serving.py,300,4,8,128,32,1,16384,--disable-log-requests,50.99,51.07,117.47,282.67,3767.39,134.14,137.82,1221.21,5.98
Adastra,MI250,Llama-3.3-70B-Instruct,Llama,sharegpt,vllm,benchmark_serving.py,1000,4,8,128,32,1,16384,--disable-log-requests,51.04,51.07,117.1,283.0,31409.75,133.78,137.67,1208.74,5.92
Adastra,MI250,Llama-3.3-70B-Instruct,Llama,sharegpt,vllm,benchmark_serving.py,150,4,8,128,32,1,16384,--disable-log-requests,48.45,48.94,119.26,328.33,975.17,138.26,151.1,819.75,4.01
Adastra,MI250,Llama-3.3-70B-Instruct,Llama,sharegpt,vllm,benchmark_serving.py,500,4,8,128,32,1,16384,--disable-log-requests,51.04,51.07,117.25,282.67,17249.05,133.77,137.45,1218.06,5.96
Adastra,MI250,Llama-3.3-70B-Instruct,Llama,sharegpt,vllm,benchmark_serving.py,250,4,8,128,32,1,16384,--disable-log-requests,50.41,50.7,117.29,281.67,395.25,132.23,135.79,1215.06,5.93
Adastra,MI250,Llama-3.3-70B-Instruct,Llama,sharegpt,vllm,benchmark_serving.py,300,2,8,32,16,1,16384,--disable-log-requests,50.83,50.9,133.75,341.67,3472.0,123.85,126.54,1291.64,6.32
Adastra,MI250,Llama-3.3-70B-Instruct,Llama,sharegpt,vllm,benchmark_serving.py,1000,2,8,32,16,1,16384,--disable-log-requests,50.89,50.9,133.34,343.0,29029.68,123.68,126.3,1285.52,6.28
Adastra,MI250,Llama-3.3-70B-Instruct,Llama,sharegpt,vllm,benchmark_serving.py,150,2,8,32,16,1,16384,--disable-log-requests,48.29,48.75,136.79,417.67,978.13,132.16,141.76,846.36,4.14
Adastra,MI250,Llama-3.3-70B-Instruct,Llama,sharegpt,vllm,benchmark_serving.py,500,2,8,32,16,1,16384,--disable-log-requests,50.89,50.9,133.53,342.67,15941.89,123.49,126.18,1287.77,6.27
Adastra,MI250,Llama-3.3-70B-Instruct,Llama,sharegpt,vllm,benchmark_serving.py,250,2,8,32,16,1,16384,--disable-log-requests,50.25,50.53,133.53,339.67,375.89,122.14,124.63,1281.26,6.26
