Supercomputer,Partition,Model,Dataset/Model Type,Dataset,Framework,Benchmark Type,Concurrency Level,Number of Nodes,GPUs per Node,Total Used GPUs,Tensor,Pipeline,Max Model Length,Additional Arguments,GPU Memory Usage Avg (GB),GPU Memory Usage Peak (GB),Power Usage Avg (W),Power Usage Peak (W),TTFT (ms),ITL (ms),TPOT (ms),Output Throughput (tokens/s),Request Throughput (requests/s),Latency Score,Latency Score Scaled,Throughput Score,Energy Score (Tokens/Watt),Global Score
ADASTRA,MI300,Mistral-7B-Instruct-v0.3,Text Generation,sonnet,vllm,benchmark_serving.py,300,1,4,4,4,1,32768,,89.6,89.6,232.39,457.0,294.63,22.74,22.74,10772.57,71.82,0.0029402252212519476,29.402252212519475,142.68870400271476,46.3555660742717,73.3447062569466
ADASTRA,MI300,Mistral-7B-Instruct-v0.3,Text Generation,sonnet,vllm,benchmark_serving.py,300,1,4,4,4,1,4096,,89.6,89.6,231.03,460.5,357.14,22.53,22.53,10782.42,71.89,0.0024863252113376433,24.863252113376433,142.8277198274234,46.671081677704194,71.94967659673729
ADASTRA,MI300,Mistral-7B-Instruct-v0.3,Text Generation,sonnet,vllm,benchmark_serving.py,300,1,4,4,4,1,16384,,89.6,89.6,231.56,449.0,330.76,23.24,23.24,10452.6,69.68,0.0026508323613614673,26.508323613614674,138.43713871898487,45.13992053895319,70.52623176554887
ADASTRA,MI300,Mistral-7B-Instruct-v0.3,Text Generation,sonnet,vllm,benchmark_serving.py,500,1,4,4,4,1,32768,,89.6,89.6,210.82,450.0,1016.75,37.92,37.91,10988.36,73.26,0.0009152647861026194,9.152647861026194,145.5496127330355,52.12199981026468,69.27780854126567
ADASTRA,MI300,Mistral-7B-Instruct-v0.3,Text Generation,sonnet,vllm,benchmark_serving.py,250,1,4,4,4,1,32768,,89.6,89.6,232.34,450.0,229.92,24.58,24.56,9397.95,62.65,0.0035834587543897367,35.83458754389737,124.47023814557218,40.44912628045107,67.44736114416399
ADASTRA,MI300,Llama-3.1-8B-Instruct,Text Generation,sonnet,vllm,benchmark_serving.py,500,1,4,4,4,1,4096,,89.6,89.6,211.96,446.5,805.33,40.79,40.79,10573.0,70.49,0.0011275101194033216,11.275101194033216,140.0463137561082,49.88205321758822,67.41153811267631
ADASTRA,MI300,Llama-3.1-8B-Instruct,Text Generation,sonnet,vllm,benchmark_serving.py,250,1,4,4,4,1,16384,,89.6,89.6,228.22,450.5,218.38,25.08,25.08,9162.51,61.08,0.0037238400238325765,37.23840023832577,121.35103810988996,40.14770835159057,66.76767571090232
ADASTRA,MI300,Llama-3.1-8B-Instruct,Text Generation,sonnet,vllm,benchmark_serving.py,500,1,4,4,4,1,16384,,89.6,89.6,214.88,458.5,824.92,41.41,41.41,10495.02,69.97,0.001101637032630489,11.016370326304889,139.01320292778317,48.84130677587491,66.63927307466992
ADASTRA,MI300,Mistral-7B-Instruct-v0.3,Text Generation,sonnet,vllm,benchmark_serving.py,500,1,4,4,4,1,16384,,89.6,89.6,204.52,444.0,1221.79,38.67,38.67,10497.4,69.98,0.0007697459068761401,7.697459068761401,139.0331476676338,51.32700958341482,66.31304935706711
ADASTRA,MI300,Mistral-7B-Instruct-v0.3,Text Generation,sonnet,vllm,benchmark_serving.py,500,1,4,4,4,1,4096,,89.6,89.6,210.94,447.5,1132.85,38.74,38.72,10548.66,70.32,0.000826234601052623,8.26234601052623,139.7086671601227,50.00786953636105,66.31266272965618
ADASTRA,MI300,Llama-3.1-8B-Instruct,Text Generation,sonnet,vllm,benchmark_serving.py,300,1,4,4,4,1,32768,,89.6,89.6,233.25,451.5,310.98,25.01,25.0,9650.75,64.34,0.0027701598382226652,27.701598382226653,127.82779264010935,41.37513397642015,66.1200358200487
ADASTRA,MI300,Mistral-7B-Instruct-v0.3,Text Generation,sonnet,vllm,benchmark_serving.py,1000,1,4,4,4,1,32768,,89.6,89.6,197.81,457.5,1830.4,80.65,80.65,10507.5,70.05,0.0005020836471356127,5.0208364713561275,139.17218543046357,53.11915474445175,66.02375696484326
ADASTRA,MI300,Llama-3.1-8B-Instruct,Text Generation,sonnet,vllm,benchmark_serving.py,250,1,4,4,4,1,4096,,89.6,89.6,234.72,449.0,227.5,25.28,25.28,9164.63,61.1,0.0035963461123498523,35.963461123498526,121.39069602080268,39.044947171097476,65.9947965238136
ADASTRA,MI300,Mistral-7B-Instruct-v0.3,Text Generation,sonnet,vllm,benchmark_serving.py,250,1,4,4,4,1,4096,,89.6,89.6,230.55,447.0,244.21,24.86,24.86,9219.37,61.46,0.0034021705848331233,34.02170584833123,122.1059927183237,39.98859249620473,65.8797671114482
ADASTRA,MI300,Llama-3.1-8B-Instruct,Text Generation,sonnet,vllm,benchmark_serving.py,1000,1,4,4,4,1,4096,,89.6,89.6,199.58,454.5,1873.57,80.77,80.77,10366.98,69.11,0.0004913739306474835,4.9137393064748345,137.3046778630694,51.94398236296222,64.97633619379296
ADASTRA,MI300,Mistral-7B-Instruct-v0.3,Text Generation,sonnet,vllm,benchmark_serving.py,1000,1,4,4,4,1,4096,,89.6,89.6,198.63,451.5,2008.48,80.99,80.99,10287.33,68.58,0.00046073182643310644,4.607318264331065,136.25168457431553,51.79142123546292,64.46531576048798
ADASTRA,MI300,Llama-3.1-8B-Instruct,Text Generation,sonnet,vllm,benchmark_serving.py,500,1,4,4,4,1,32768,,89.6,89.6,208.55,446.5,875.69,43.31,43.31,10005.75,66.7,0.0010391661730627345,10.391661730627344,132.51662207308053,47.97770318868377,63.94168151363949
ADASTRA,MI300,Llama-3.1-8B-Instruct,Text Generation,sonnet,vllm,benchmark_serving.py,250,1,4,4,4,1,32768,,89.6,89.6,232.7,443.5,237.5,26.06,26.06,8867.73,59.12,0.003452800220979214,34.52800220979214,117.45692995849599,38.107993124194245,63.86943473696012
ADASTRA,MI300,Llama-3.1-8B-Instruct,Text Generation,sonnet,vllm,benchmark_serving.py,300,1,4,4,4,1,4096,,89.6,89.6,233.28,453.5,384.29,25.05,25.04,9538.8,63.59,0.002302131774022745,23.02131774022745,126.33777465818406,40.88991769547325,63.86686507801136
ADASTRA,MI300,Mistral-7B-Instruct-v0.3,Text Generation,sonnet,vllm,benchmark_serving.py,1000,1,4,4,4,1,16384,,89.6,89.6,192.57,455.5,2140.47,82.51,82.51,10089.66,67.27,0.00043374727281402214,4.337472728140221,133.64893293544407,52.39476553980371,63.68170289835585
ADASTRA,MI300,Llama-3.1-8B-Instruct,Text Generation,sonnet,vllm,benchmark_serving.py,300,1,4,4,4,1,16384,,89.6,89.6,240.72,460.5,471.0,23.95,23.94,9750.78,65.01,0.0019271907340669507,19.271907340669507,129.1588772375937,40.506729810568295,63.42862029599135
ADASTRA,MI300,Llama-3.1-8B-Instruct,Text Generation,sonnet,vllm,benchmark_serving.py,1000,1,4,4,4,1,16384,,89.6,89.6,208.93,460.0,2089.97,81.81,81.76,10059.23,67.06,0.00044374628362487463,4.437462836248747,133.23180825356573,48.14641267410137,62.21440422624936
ADASTRA,MI300,Llama-3.1-8B-Instruct,Text Generation,sonnet,vllm,benchmark_serving.py,1000,1,4,4,4,1,32768,,89.6,89.6,204.68,454.5,2055.62,81.84,81.84,9765.3,65.1,0.00045059252917586625,4.505925291758662,129.3377746582031,47.71008403361344,60.774084873743305
ADASTRA,MI300,Mistral-7B-Instruct-v0.3,Text Generation,sonnet,vllm,benchmark_serving.py,250,1,4,4,4,1,16384,,89.6,89.6,225.76,439.0,400.43,25.84,25.83,8667.95,57.79,0.0022119000221190004,22.119000221190003,114.81452128988487,38.394534018426654,58.84364819966199
ADASTRA,MI300,Llama-3.1-8B-Instruct,Text Generation,sharegpt,vllm,benchmark_serving.py,250,1,4,4,4,1,32768,,89.6,89.6,243.95,443.0,115.19,23.1,23.61,7175.49,36.15,0.0061766522544780735,61.766522544780734,71.93757966287835,29.41377331420373,54.87180221114929
ADASTRA,MI300,Mistral-7B-Instruct-v0.3,Text Generation,sonnet,vllm,benchmark_serving.py,250,2,4,16,8,1,4096,,89.6,89.6,197.99,338.5,372.62,29.64,29.65,7662.41,51.09,0.0023152971683915633,23.152971683915634,101.5032156349258,38.70099499974746,54.767422088325276
ADASTRA,MI300,Mistral-7B-Instruct-v0.3,Text Generation,sonnet,vllm,benchmark_serving.py,250,2,4,16,8,1,16384,,89.6,89.6,202.58,338.0,314.68,31.01,31.01,7515.66,50.11,0.002654632333421821,26.54632333421821,99.55621770156904,37.09971369335571,54.7467723340415
ADASTRA,MI300,Llama-3.1-8B-Instruct,Text Generation,sharegpt,vllm,benchmark_serving.py,250,1,4,4,4,1,4096,,89.6,89.6,239.5,431.0,113.13,23.64,24.13,7061.53,35.61,0.0062150403977625866,62.150403977625864,70.86265264599542,29.48446764091858,54.659468897125194
ADASTRA,MI300,Llama-3.1-8B-Instruct,Text Generation,sharegpt,vllm,benchmark_serving.py,300,1,4,4,4,1,16384,,89.6,89.6,238.17,444.0,137.94,24.9,29.9,7645.28,38.54,0.005188336619279858,51.88336619279858,76.69338719543144,32.10009656967712,53.988127054294885
ADASTRA,MI300,Llama-3.1-8B-Instruct,Text Generation,sharegpt,vllm,benchmark_serving.py,250,1,4,4,4,1,16384,,89.6,89.6,238.89,431.0,113.61,24.46,24.94,6895.8,34.72,0.006134592969756457,61.34592969756457,69.09212468905652,28.866005274394077,53.58606017925729
ADASTRA,MI300,Llama-3.1-8B-Instruct,Text Generation,sharegpt,vllm,benchmark_serving.py,300,1,4,4,4,1,4096,,89.6,89.6,241.87,448.0,146.89,24.53,28.87,7727.98,38.91,0.004992760497278946,49.92760497278946,77.43014303022187,31.950965394633478,53.52594324730657
ADASTRA,MI300,Llama-3.1-8B-Instruct,Text Generation,sonnet,vllm,benchmark_serving.py,250,2,4,16,8,1,4096,,89.6,89.6,199.01,337.0,284.08,32.66,32.66,7135.74,47.57,0.0028620492272467086,28.620492272467086,94.50995482583934,35.85618813124969,53.33833221542409
ADASTRA,MI300,Mistral-7B-Instruct-v0.3,Text Generation,sonnet,vllm,benchmark_serving.py,1000,2,4,16,8,1,4096,,89.6,89.6,182.28,368.0,1807.14,109.5,109.5,8185.21,54.57,0.0004935493105116132,4.935493105116132,108.41719310467026,44.904597322800086,52.90938445462341
ADASTRA,MI300,Llama-3.1-8B-Instruct,Text Generation,sharegpt,vllm,benchmark_serving.py,300,1,4,4,4,1,32768,,89.6,89.6,240.97,450.5,165.81,24.5,28.23,7694.69,38.76,0.0045758213599341084,45.75821359934108,77.13147027523291,31.93214923019463,52.00078027101744
ADASTRA,MI300,Llama-3.1-8B-Instruct,Text Generation,sonnet,vllm,benchmark_serving.py,250,2,4,16,8,1,32768,,89.6,89.6,198.88,333.5,349.23,31.87,31.87,7128.98,47.53,0.002421483400731288,24.214834007312877,94.4304179608194,35.84563555913113,51.80998904808694
ADASTRA,MI300,Mistral-7B-Instruct-v0.3,Text Generation,sonnet,vllm,benchmark_serving.py,250,2,4,16,8,1,32768,,89.6,89.6,198.16,336.0,488.76,29.77,29.77,7397.44,49.32,0.0018238190771475472,18.238190771475473,97.98670584254091,37.33064190553088,51.462270258535455
ADASTRA,MI300,Mistral-7B-Instruct-v0.3,Text Generation,sonnet,vllm,benchmark_serving.py,500,2,4,16,8,1,32768,,89.6,89.6,190.41,331.0,810.1,58.88,58.88,7722.76,51.49,0.0010777487983100898,10.777487983100897,102.29794832942085,40.558584107977524,51.4243952608102
ADASTRA,MI300,Mistral-7B-Instruct-v0.3,Text Generation,sonnet,vllm,benchmark_serving.py,300,2,4,16,8,1,32768,,89.6,89.6,198.28,336.0,343.79,35.71,35.71,7058.96,47.06,0.0024084198357457675,24.084198357457677,93.49668523308405,35.60096832761751,51.369810285621796
ADASTRA,MI300,Mistral-7B-Instruct-v0.3,Text Generation,sonnet,vllm,benchmark_serving.py,300,2,4,16,8,1,4096,,89.6,89.6,198.78,339.5,360.08,36.19,36.19,6958.73,46.39,0.0023123525875225455,23.123525875225454,92.16558308779864,35.00719388268437,50.40059908988719
ADASTRA,MI300,Mistral-7B-Instruct-v0.3,Text Generation,sonnet,vllm,benchmark_serving.py,1000,2,4,16,8,1,32768,,89.6,89.6,179.0,348.0,1858.11,116.68,116.68,7720.1,51.47,0.000478132605296753,4.78132605296753,102.25824305770905,43.12905027932961,50.194749587015515
ADASTRA,MI300,Mistral-7B-Instruct-v0.3,Text Generation,sonnet,vllm,benchmark_serving.py,500,2,4,16,8,1,4096,,89.6,89.6,189.13,334.0,946.1,59.35,59.35,7580.5,50.54,0.0009391435011269722,9.391435011269722,100.41055216589089,40.08089673769365,50.158562596296576
ADASTRA,MI300,Llama-3.1-8B-Instruct,Text Generation,sonnet,vllm,benchmark_serving.py,500,2,4,16,8,1,16384,,89.6,89.6,195.41,330.5,654.1,61.99,61.99,7447.2,49.65,0.0012852148879292616,12.852148879292615,98.64235779027192,38.11063916892687,50.10353680170854
ADASTRA,MI300,Llama-3.1-8B-Instruct,Text Generation,sonnet,vllm,benchmark_serving.py,500,2,4,16,8,1,4096,,89.6,89.6,196.01,332.5,601.1,63.12,63.12,7367.03,49.11,0.0013748728242637556,13.748728242637556,97.56958290970775,37.58497015458395,49.875416241264276
ADASTRA,MI300,Llama-3.1-8B-Instruct,Text Generation,sonnet,vllm,benchmark_serving.py,1000,2,4,16,8,1,4096,,89.6,89.6,190.08,364.0,1974.49,112.73,112.73,7731.33,51.54,0.0004545557853587582,4.5455578535875825,102.397379938249,40.67408459595959,49.37630591993151
ADASTRA,MI300,Llama-3.1-8B-Instruct,Text Generation,sonnet,vllm,benchmark_serving.py,300,2,4,16,8,1,4096,,89.6,89.6,200.09,336.0,402.18,36.36,36.36,6903.75,46.03,0.002105706464518846,21.057064645188458,91.45026533214002,34.50322354940277,49.29352372810057
ADASTRA,MI300,Llama-3.1-8B-Instruct,Text Generation,sonnet,vllm,benchmark_serving.py,250,2,4,16,8,1,16384,,89.6,89.6,201.19,333.0,420.85,32.48,32.48,6910.07,46.07,0.002058417900002058,20.58417900002058,91.5297636045278,34.34599135145882,49.109457718013275
ADASTRA,MI300,Mistral-7B-Instruct-v0.3,Text Generation,sharegpt,vllm,benchmark_serving.py,300,1,4,4,4,1,4096,,89.6,89.6,242.47,444.5,153.83,22.83,23.37,7428.22,32.57,0.004999250112483127,49.99250112483127,64.85563201752093,30.635625025776385,48.851765276648194
ADASTRA,MI300,Mistral-7B-Instruct-v0.3,Text Generation,sharegpt,vllm,benchmark_serving.py,300,1,4,4,4,1,32768,,89.6,89.6,235.74,435.5,149.37,23.59,24.21,7287.28,32.07,0.005071765481564132,50.71765481564132,63.858968241715445,30.91236107576143,48.84800738374496
ADASTRA,MI300,Mistral-7B-Instruct-v0.3,Text Generation,sharegpt,vllm,benchmark_serving.py,300,1,4,4,4,1,16384,,89.6,89.6,248.69,448.5,149.89,23.15,23.87,7400.84,32.48,0.005078462241633233,50.78462241633233,64.6761563339127,29.759298725320683,48.779640367185934
ADASTRA,MI300,Mistral-7B-Instruct-v0.3,Text Generation,sharegpt,vllm,benchmark_serving.py,250,1,4,4,4,1,32768,,89.6,89.6,232.19,421.0,119.04,24.09,24.15,6529.64,28.61,0.005978000956480153,59.780009564801524,56.97038094003736,28.12196907704897,48.694162876300894
ADASTRA,MI300,Mistral-7B-Instruct-v0.3,Text Generation,sharegpt,vllm,benchmark_serving.py,250,1,4,4,4,1,4096,,89.6,89.6,237.99,424.0,115.94,24.58,24.82,6494.01,28.34,0.006048143220031451,60.48143220031451,56.43372201737104,27.28690281104248,48.48296133354668
ADASTRA,MI300,Llama-3.1-8B-Instruct,Text Generation,sonnet,vllm,benchmark_serving.py,1000,2,4,16,8,1,32768,,89.6,89.6,187.3,362.5,2087.59,117.76,117.76,7518.8,50.13,0.00043045744712906395,4.304574471290639,99.59596508357193,40.14308595835558,48.17197095532706
ADASTRA,MI300,Mistral-7B-Instruct-v0.3,Text Generation,sonnet,vllm,benchmark_serving.py,1000,2,4,16,8,1,16384,,89.6,89.6,188.13,367.5,2277.02,116.88,116.88,7530.64,50.2,0.0003982826054054915,3.982826054054915,99.7351554708977,40.02891617498538,48.073366894479214
ADASTRA,MI300,Llama-3.1-8B-Instruct,Text Generation,sonnet,vllm,benchmark_serving.py,300,2,4,16,8,1,32768,,89.6,89.6,201.59,336.5,453.41,37.18,37.18,6777.79,45.19,0.001894764764954431,18.947647649544308,89.78139466919147,33.62165782032839,47.72680489087526
ADASTRA,MI300,Mistral-7B-Instruct-v0.3,Text Generation,sharegpt,vllm,benchmark_serving.py,250,1,4,4,4,1,16384,,89.6,89.6,247.16,439.5,124.1,24.07,24.45,6585.04,28.75,0.0057930714865021445,57.93071486502144,57.25004876175385,26.642822463181744,47.68716282132176
ADASTRA,MI300,Mistral-7B-Instruct-v0.3,Text Generation,sonnet,vllm,benchmark_serving.py,500,2,4,16,8,1,16384,,89.6,89.6,192.28,334.0,879.61,63.59,63.59,7165.83,47.77,0.0009932557931644135,9.932557931644135,94.90731371298659,37.267682546286665,47.571214773986185
ADASTRA,MI300,Llama-3.1-8B-Instruct,Text Generation,sonnet,vllm,benchmark_serving.py,1000,2,4,16,8,1,16384,,89.6,89.6,190.3,370.0,2144.89,119.41,119.39,7442.52,49.62,0.0004195176386191158,4.195176386191158,98.58273935083969,39.109406200735684,47.459501334825916
ADASTRA,MI300,Llama-3.1-8B-Instruct,Text Generation,sonnet,vllm,benchmark_serving.py,500,2,4,16,8,1,32768,,89.6,89.6,192.61,331.0,861.78,64.47,64.47,7106.16,47.37,0.0010093669250645994,10.093669250645995,94.1126406683134,36.89403457764394,47.23623643729226
ADASTRA,MI300,Llama-3.1-8B-Instruct,Text Generation,sonnet,vllm,benchmark_serving.py,300,2,4,16,8,1,16384,,89.6,89.6,203.07,328.0,494.7,36.98,36.98,6701.41,44.68,0.0017585200295431366,17.585200295431367,88.76816016388753,33.00049244103019,46.72030013729809
ADASTRA,MI300,Llama-3.1-8B-Instruct,Text Generation,sharegpt,vllm,benchmark_serving.py,500,1,4,4,4,1,32768,,89.6,89.6,228.08,442.0,434.49,33.76,41.53,8269.43,41.65,0.0019616305072776494,19.616305072776495,82.88255184645075,36.256708172571024,46.451757967759995
ADASTRA,MI300,Llama-3.1-8B-Instruct,Text Generation,sharegpt,vllm,benchmark_serving.py,500,1,4,4,4,1,4096,,89.6,89.6,230.23,452.5,403.12,35.04,41.8,8101.79,40.82,0.002083506958913243,20.835069589132427,81.2307276905071,35.18998392911436,45.963165932394034
ADASTRA,MI300,Llama-3.1-8B-Instruct,Text Generation,sharegpt,vllm,benchmark_serving.py,500,1,4,4,4,1,16384,,89.6,89.6,226.05,446.5,379.94,35.71,45.63,7954.14,40.04,0.002167880679847381,21.67880679847381,79.67890780542845,35.18752488387525,45.72163092816685
ADASTRA,MI300,Llama-3.1-8B-Instruct,Text Generation,sharegpt,vllm,benchmark_serving.py,250,2,4,16,8,1,16384,,89.6,89.6,213.25,332.0,134.82,31.22,32.03,5447.56,27.44,0.005048720149442116,50.487201494421164,54.60494845662102,25.54541617819461,43.905864160376616
ADASTRA,MI300,Llama-3.1-8B-Instruct,Text Generation,sharegpt,vllm,benchmark_serving.py,250,2,4,16,8,1,32768,,89.6,89.6,201.68,315.0,139.42,31.6,32.52,5432.78,27.35,0.004913039206052864,49.13039206052864,54.426005607925084,26.937623958746528,43.82921487407316
ADASTRA,MI300,Llama-3.1-8B-Instruct,Text Generation,sharegpt,vllm,benchmark_serving.py,300,2,4,16,8,1,16384,,89.6,89.6,207.75,328.5,166.88,34.54,36.65,5642.57,28.47,0.004200445247196203,42.00445247196203,56.65414735216116,27.16038507821901,42.235247165231975
ADASTRA,MI300,Llama-3.1-8B-Instruct,Text Generation,sharegpt,vllm,benchmark_serving.py,300,2,4,16,8,1,4096,,89.6,89.6,196.11,326.5,171.43,35.56,37.83,5617.88,28.28,0.00408463360836533,40.8463360836533,56.27670714255352,28.646575901279892,42.18873898531989
ADASTRA,MI300,Llama-3.1-8B-Instruct,Text Generation,sharegpt,vllm,benchmark_serving.py,250,2,4,16,8,1,4096,,89.6,89.6,205.08,327.0,160.04,31.42,32.29,5428.49,27.36,0.00446927374301676,44.692737430167604,54.44559010969877,26.47010922566803,42.17746631576834
ADASTRA,MI300,Llama-3.1-8B-Instruct,Text Generation,sharegpt,vllm,benchmark_serving.py,1000,1,4,4,4,1,4096,,89.6,89.6,222.37,450.0,2162.28,37.53,47.96,8269.27,41.68,0.0004448853752830582,4.4488537528305825,82.94194372484493,37.18698565453973,41.612706551862395
ADASTRA,MI300,Llama-3.1-8B-Instruct,Text Generation,sharegpt,vllm,benchmark_serving.py,150,1,4,4,4,1,4096,,89.6,89.6,270.25,539.5,131.36,23.72,25.14,4933.24,24.83,0.005548773721007656,55.48773721007656,49.41130286583287,18.254357076780757,41.50706789037905
ADASTRA,MI300,Llama-3.1-8B-Instruct,Text Generation,sharegpt,vllm,benchmark_serving.py,1000,1,4,4,4,1,16384,,89.6,89.6,221.22,443.5,2171.88,37.93,49.63,8136.15,40.99,0.00044258754381616683,4.425875438161668,81.56905433929224,36.778546243558445,41.00741092227303
ADASTRA,MI300,Llama-3.1-8B-Instruct,Text Generation,sharegpt,vllm,benchmark_serving.py,300,2,4,16,8,1,32768,,89.6,89.6,201.25,313.5,176.14,36.74,38.65,5448.1,27.47,0.003975668906293484,39.75668906293484,54.664375398360356,27.07130434782609,40.765979308144715
ADASTRA,MI300,Mistral-7B-Instruct-v0.3,Text Generation,sharegpt,vllm,benchmark_serving.py,250,2,4,16,8,1,32768,,89.6,89.6,200.22,313.5,141.61,30.64,31.68,5225.98,22.87,0.004903643407051439,49.03643407051439,45.540704192346894,26.101188692438317,40.5086073909531
ADASTRA,MI300,Llama-3.1-8B-Instruct,Text Generation,sharegpt,vllm,benchmark_serving.py,1000,1,4,4,4,1,32768,,89.6,89.6,222.94,456.0,2246.48,38.88,50.02,8056.36,40.59,0.0004281958396492219,4.281958396492219,80.77304476376908,36.13689782004126,40.48250837690205
ADASTRA,MI300,Mistral-7B-Instruct-v0.3,Text Generation,sonnet,vllm,benchmark_serving.py,250,4,4,64,16,1,32768,,89.6,89.6,186.37,277.5,395.85,43.76,43.76,5331.31,35.54,0.002068808573142727,20.688085731427268,70.60929871339799,28.60605247625691,40.195047503642805
ADASTRA,MI300,Mistral-7B-Instruct-v0.3,Text Generation,sonnet,vllm,benchmark_serving.py,250,4,4,64,16,1,16384,,89.6,89.6,193.06,293.0,378.42,44.28,44.28,5272.75,35.15,0.002141419332733736,21.414193327337358,69.83445901392264,27.31145757795504,39.76420822097401
ADASTRA,MI300,Mistral-7B-Instruct-v0.3,Text Generation,sharegpt,vllm,benchmark_serving.py,250,2,4,16,8,1,16384,,89.6,89.6,214.05,325.5,137.75,31.4,32.28,5132.0,22.46,0.0049645037978454055,49.645037978454056,44.72426597548531,23.975706610605,39.75778945973298
ADASTRA,MI300,Llama-3.1-8B-Instruct,Text Generation,sonnet,vllm,benchmark_serving.py,250,4,4,64,16,1,16384,,89.6,89.6,182.82,273.0,358.37,46.76,46.76,4998.84,33.33,0.002212927924937485,22.12927924937485,66.21848514656698,27.342960288808666,38.787987187039
ADASTRA,MI300,Llama-3.1-8B-Instruct,Text Generation,sonnet,vllm,benchmark_serving.py,250,4,4,64,16,1,32768,,89.6,89.6,187.87,282.0,380.74,45.1,45.1,5066.29,33.78,0.0021234127489701445,21.234127489701443,67.11252049481674,26.96699845637941,38.66729982077759
ADASTRA,MI300,Mistral-7B-Instruct-v0.3,Text Generation,sonnet,vllm,benchmark_serving.py,250,4,4,64,16,1,4096,,89.6,89.6,185.03,279.0,486.58,43.89,43.89,5231.82,34.88,0.001741068319520858,17.41068319520858,69.2979974557123,28.275522888180294,38.529118745530795
ADASTRA,MI300,Mistral-7B-Instruct-v0.3,Text Generation,sonnet,vllm,benchmark_serving.py,300,4,4,64,16,1,32768,,89.6,89.6,188.32,277.5,423.38,51.46,51.46,5080.01,33.87,0.0019000570017100515,19.000570017100515,67.29134774378748,26.975414188615126,37.971384579058764
ADASTRA,MI300,Llama-3.1-8B-Instruct,Text Generation,sharegpt,vllm,benchmark_serving.py,150,1,4,4,4,1,16384,,89.6,89.6,274.21,543.0,176.77,23.58,25.18,4940.12,24.89,0.004433999911320001,44.339999113200015,49.53044880070735,18.01582728565698,37.68101702213874
ADASTRA,MI300,Mistral-7B-Instruct-v0.3,Text Generation,sharegpt,vllm,benchmark_serving.py,300,2,4,16,8,1,32768,,89.6,89.6,195.2,313.0,183.75,34.68,39.43,5267.97,23.16,0.00387807337314822,38.7807337314822,46.11725102199341,26.9875512295082,37.50133120962433
ADASTRA,MI300,Llama-3.1-8B-Instruct,Text Generation,sonnet,vllm,benchmark_serving.py,1000,4,4,64,16,1,32768,,89.6,89.6,177.52,308.0,1966.45,159.73,159.73,5680.4,37.87,0.0004374625422698182,4.374625422698182,75.23840182432798,31.9986480396575,37.3079966366793
ADASTRA,MI300,Llama-3.1-8B-Instruct,Text Generation,sonnet,vllm,benchmark_serving.py,300,4,4,64,16,1,32768,,89.6,89.6,192.77,279.0,437.12,52.27,52.27,4987.3,33.25,0.001846176568326995,18.46176568326995,66.05958510521756,25.871764278674068,37.016223837261464
ADASTRA,MI300,Mistral-7B-Instruct-v0.3,Text Generation,sharegpt,vllm,benchmark_serving.py,300,2,4,16,8,1,4096,,89.6,89.6,200.92,322.5,184.65,35.37,39.78,5238.97,22.93,0.0038491147036181675,38.49114703618167,45.660153974799975,26.074905434999007,36.95541208293345
ADASTRA,MI300,Llama-3.1-8B-Instruct,Text Generation,sonnet,vllm,benchmark_serving.py,500,4,4,64,16,1,16384,,89.6,89.6,175.03,270.0,750.61,90.2,90.2,5253.99,35.03,0.0010741023189869065,10.741023189869065,69.59598175087257,30.017654116437182,36.92023099711206
ADASTRA,MI300,Mistral-7B-Instruct-v0.3,Text Generation,sharegpt,vllm,benchmark_serving.py,150,1,4,4,4,1,32768,,89.6,89.6,270.87,541.5,148.36,23.88,25.5,4722.96,20.67,0.005057145746940427,50.57145746940427,41.159864154666366,17.43626093698084,36.768252852017895
ADASTRA,MI300,Mistral-7B-Instruct-v0.3,Text Generation,sonnet,vllm,benchmark_serving.py,1000,4,4,64,16,1,32768,,89.6,89.6,167.28,293.0,2578.71,163.43,163.43,5535.26,36.91,0.0003441665490764291,3.441665490764291,73.33101703645077,33.089789574366336,36.69144472305035
ADASTRA,MI300,Mistral-7B-Instruct-v0.3,Text Generation,sonnet,vllm,benchmark_serving.py,300,4,4,64,16,1,16384,,89.6,89.6,195.41,289.0,417.52,53.54,53.54,4888.96,32.59,0.0019062142584826533,19.062142584826532,64.74838471619714,25.018985722327415,36.501654713492826
ADASTRA,MI300,Llama-3.1-8B-Instruct,Text Generation,sonnet,vllm,benchmark_serving.py,1000,4,4,64,16,1,4096,,89.6,89.6,175.46,296.0,2473.31,163.03,163.03,5547.11,36.98,0.0003572232323701404,3.5722323237014035,73.47020832400624,31.614670010258745,36.3111242235034
ADASTRA,MI300,Llama-3.1-8B-Instruct,Text Generation,sonnet,vllm,benchmark_serving.py,300,4,4,64,16,1,4096,,89.6,89.6,192.65,280.0,453.28,53.88,53.88,4893.72,32.62,0.0017824041066590618,17.824041066590617,64.808010165762,25.402128211783026,36.22357844677046
ADASTRA,MI300,Llama-3.1-8B-Instruct,Text Generation,sonnet,vllm,benchmark_serving.py,1000,4,4,64,16,1,16384,,89.6,89.6,168.59,291.0,1882.03,172.29,172.29,5395.04,35.97,0.0004491132259353905,4.491132259353905,71.46353580641538,32.00094904798624,36.06489083771716
ADASTRA,MI300,Llama-3.1-8B-Instruct,Text Generation,sharegpt,vllm,benchmark_serving.py,500,2,4,16,8,1,16384,,89.6,89.6,203.14,332.0,400.27,51.7,60.5,5891.46,29.72,0.0019513337366089721,19.513337366089722,59.14165460262988,29.001969085359853,36.023327376679816
ADASTRA,MI300,Llama-3.1-8B-Instruct,Text Generation,sharegpt,vllm,benchmark_serving.py,150,1,4,4,4,1,32768,,89.6,89.6,274.34,540.5,209.03,23.21,24.92,4955.35,24.96,0.0038886296469124275,38.886296469124275,49.669814128036215,18.062805278122042,35.88917529203362
ADASTRA,MI300,Mistral-7B-Instruct-v0.3,Text Generation,sonnet,vllm,benchmark_serving.py,300,4,4,64,16,1,4096,,89.6,89.6,187.27,276.0,447.48,55.0,55.0,4749.51,31.66,0.0017937863241730644,17.937863241730643,62.90070698176389,25.361830512094837,35.60089963985849
ADASTRA,MI300,Llama-3.1-8B-Instruct,Text Generation,sharegpt,vllm,benchmark_serving.py,500,2,4,16,8,1,32768,,89.6,89.6,196.87,323.5,429.63,52.61,62.27,5798.61,29.27,0.0018365135626526603,18.3651356265266,58.24598814663309,29.45400518108396,35.47306374082116
ADASTRA,MI300,Llama-3.1-8B-Instruct,Text Generation,sonnet,vllm,benchmark_serving.py,300,4,4,64,16,1,16384,,89.6,89.6,180.93,273.0,662.44,51.9,51.9,4944.88,32.97,0.0013050741282104824,13.050741282104823,65.5032568679249,27.330348753661635,35.45407097218184
ADASTRA,MI300,Llama-3.1-8B-Instruct,Text Generation,sharegpt,vllm,benchmark_serving.py,500,2,4,16,8,1,4096,,89.6,89.6,198.73,329.0,457.44,51.68,64.44,5837.67,29.42,0.001743496757096032,17.434967570960318,58.544952063118174,29.374880491118606,35.23313443274464
ADASTRA,MI300,Mistral-7B-Instruct-v0.3,Text Generation,sharegpt,vllm,benchmark_serving.py,500,1,4,4,4,1,32768,,89.6,89.6,223.31,438.0,1052.13,33.31,42.33,7270.07,31.98,0.0008867056226003529,8.867056226003529,63.67988129360934,32.55595360709328,35.08386391093823
ADASTRA,MI300,Mistral-7B-Instruct-v0.3,Text Generation,sharegpt,vllm,benchmark_serving.py,500,1,4,4,4,1,16384,,89.6,89.6,240.72,454.5,962.25,32.72,38.18,7382.56,32.35,0.0009679136621013405,9.679136621013404,64.41772482740856,30.66866068461283,35.00690431153958
ADASTRA,MI300,Llama-3.1-8B-Instruct,Text Generation,sonnet,vllm,benchmark_serving.py,150,1,4,4,4,1,4096,,89.6,89.6,286.92,543.5,482.96,25.27,25.27,5083.55,33.89,0.0018744142455482662,18.744142455482663,67.33113021354427,17.71765648961383,34.935242784145586
ADASTRA,MI300,Mistral-7B-Instruct-v0.3,Text Generation,sharegpt,vllm,benchmark_serving.py,500,1,4,4,4,1,4096,,89.6,89.6,227.99,441.0,1020.77,33.64,44.04,7253.98,31.79,0.0009103737084073012,9.103737084073012,63.30258138810311,31.817097241107064,34.799619397694144
ADASTRA,MI300,Mistral-7B-Instruct-v0.3,Text Generation,sonnet,vllm,benchmark_serving.py,150,1,4,4,4,1,4096,,89.6,89.6,285.49,542.0,550.33,24.45,24.45,5163.28,34.42,0.0016688083039901203,16.688083039901205,68.38413051926814,18.085677256646466,34.71196933224445
ADASTRA,MI300,Mistral-7B-Instruct-v0.3,Text Generation,sonnet,vllm,benchmark_serving.py,1000,4,4,64,16,1,4096,,89.6,89.6,161.89,279.0,2253.98,178.69,178.69,5151.51,34.36,0.00038294222167759327,3.829422216775933,68.26468214590801,31.821051331150784,34.69473190928079
ADASTRA,MI300,Llama-3.1-8B-Instruct,Text Generation,sonnet,vllm,benchmark_serving.py,250,4,4,64,16,1,4096,,89.6,89.6,189.66,284.0,712.42,45.17,45.15,4907.52,32.72,0.0012457333632309342,12.457333632309343,65.00658040904895,25.87535590003164,34.617844662071946
ADASTRA,MI300,Mistral-7B-Instruct-v0.3,Text Generation,sonnet,vllm,benchmark_serving.py,150,1,4,4,4,1,16384,,89.6,89.6,280.86,542.0,573.53,24.25,24.25,5162.86,34.42,0.0016076395029178657,16.076395029178656,68.38409367977096,18.3823257138788,34.59891038948409
ADASTRA,MI300,Llama-3.1-8B-Instruct,Text Generation,sharegpt,vllm,benchmark_serving.py,250,4,4,64,16,1,32768,,89.6,89.6,187.07,268.0,170.07,43.59,44.87,4165.76,21.06,0.003868023053417399,38.68023053417399,41.90813342823431,22.268455658309726,34.52594955787794
ADASTRA,MI300,Llama-3.1-8B-Instruct,Text Generation,sonnet,vllm,benchmark_serving.py,500,4,4,64,16,1,32768,,89.6,89.6,184.3,282.0,701.01,95.99,95.99,4923.2,32.82,0.0011198333687947233,11.198333687947233,65.2053155556273,26.712967986977752,34.52539049864822
ADASTRA,MI300,Mistral-7B-Instruct-v0.3,Text Generation,sonnet,vllm,benchmark_serving.py,150,1,4,4,4,1,32768,,89.6,89.6,288.31,543.0,545.71,24.6,24.6,5130.33,34.2,0.0016809265267015176,16.809265267015174,67.94704881179895,17.794492039818252,34.51138423953864
ADASTRA,MI300,Mistral-7B-Instruct-v0.3,Text Generation,sharegpt,vllm,benchmark_serving.py,1000,1,4,4,4,1,32768,,89.6,89.6,224.12,442.0,2229.31,36.02,46.85,7470.64,32.87,0.0004324922800128018,4.324922800128018,65.45201826878353,33.33321434945565,34.39078855525574
ADASTRA,MI300,Llama-3.1-8B-Instruct,Text Generation,sharegpt,vllm,benchmark_serving.py,250,4,4,64,16,1,4096,,89.6,89.6,187.98,271.0,168.2,44.25,45.69,4141.45,20.92,0.0038738668939335245,38.73866893933525,41.629712879921776,22.03133312054474,34.37527641712171
ADASTRA,MI300,Mistral-7B-Instruct-v0.3,Text Generation,sharegpt,vllm,benchmark_serving.py,1000,1,4,4,4,1,16384,,89.6,89.6,239.88,458.0,2178.56,34.06,40.0,7547.46,33.13,0.0004439275155152667,4.439275155152667,65.97041913624138,31.463481740870435,34.007610216152514
ADASTRA,MI300,Llama-3.1-8B-Instruct,Text Generation,sharegpt,vllm,benchmark_serving.py,250,4,4,64,16,1,16384,,89.6,89.6,188.4,271.0,174.23,44.42,47.74,4143.36,20.94,0.0037538946657156803,37.53894665715681,41.669408255889344,21.992356687898088,33.96839481056308
ADASTRA,MI300,Mistral-7B-Instruct-v0.3,Text Generation,sharegpt,vllm,benchmark_serving.py,1000,1,4,4,4,1,4096,,89.6,89.6,229.44,444.0,2264.11,36.34,50.3,7461.56,32.59,0.00042539615016484093,4.253961501648409,64.89655008239761,32.52074616457462,33.91781271123953
ADASTRA,MI300,Mistral-7B-Instruct-v0.3,Text Generation,sonnet,vllm,benchmark_serving.py,500,4,4,64,16,1,32768,,89.6,89.6,177.55,271.0,951.61,96.43,96.43,4903.23,32.69,0.0008737668964673604,8.737668964673604,64.94699618308238,27.616051816389746,33.889922731481754
ADASTRA,MI300,Llama-3.1-8B-Instruct,Text Generation,sonnet,vllm,benchmark_serving.py,150,1,4,4,4,1,32768,,89.6,89.6,288.06,543.0,506.6,25.74,25.74,4950.73,33.0,0.0017918577981651375,17.918577981651374,65.56297793018481,17.18645421092828,33.883394357521354
ADASTRA,MI300,Mistral-7B-Instruct-v0.3,Text Generation,sharegpt,vllm,benchmark_serving.py,150,1,4,4,4,1,4096,,89.6,89.6,281.7,543.5,193.31,23.41,24.92,4758.13,20.87,0.004138387684158252,41.38387684158252,41.55772048545722,16.890770323038694,33.6051895945659
ADASTRA,MI300,Mistral-7B-Instruct-v0.3,Text Generation,sonnet,vllm,benchmark_serving.py,1000,4,4,64,16,1,16384,,89.6,89.6,169.87,292.0,3177.58,175.74,175.74,5064.11,33.76,0.00028336157503697874,2.833615750369787,67.07285733061062,29.81167951963266,33.307938293815795
ADASTRA,MI300,Mistral-7B-Instruct-v0.3,Text Generation,sharegpt,vllm,benchmark_serving.py,150,1,4,4,4,1,16384,,89.6,89.6,289.91,536.5,198.94,23.31,25.76,4787.5,20.9,0.004032095480020967,40.32095480020967,41.61831378421096,16.513745645200235,33.14374992516709
ADASTRA,MI300,Mistral-7B-Instruct-v0.3,Text Generation,sonnet,vllm,benchmark_serving.py,500,4,4,64,16,1,16384,,89.6,89.6,184.19,280.0,916.77,97.69,97.69,4820.15,32.14,0.0008991592860675268,8.991592860675269,63.854230064567446,26.169444595254898,33.14180206506409
ADASTRA,MI300,Mistral-7B-Instruct-v0.3,Text Generation,sonnet,vllm,benchmark_serving.py,500,4,4,64,16,1,4096,,89.6,89.6,176.47,265.0,1273.08,96.16,96.16,4780.4,31.87,0.0006824075337791729,6.8240753377917285,63.31787202297462,27.089023630078763,32.51674966428576
ADASTRA,MI300,Llama-3.1-8B-Instruct,Text Generation,sharegpt,vllm,benchmark_serving.py,300,4,4,64,16,1,4096,,89.6,89.6,183.85,261.0,220.11,51.02,54.71,4227.63,21.31,0.0030689909157868896,30.689909157868897,42.406244992868814,22.994995920587435,32.211091105838804
ADASTRA,MI300,Llama-3.1-8B-Instruct,Text Generation,sharegpt,vllm,benchmark_serving.py,300,4,4,64,16,1,16384,,89.6,89.6,181.15,264.0,225.92,50.48,53.71,4194.03,21.15,0.0030292932658810704,30.292932658810702,42.08775639474471,23.15224951697488,32.018154123640805
ADASTRA,MI300,Llama-3.1-8B-Instruct,Text Generation,sharegpt,vllm,benchmark_serving.py,300,4,4,64,16,1,32768,,89.6,89.6,189.79,271.0,211.23,51.67,54.26,4154.48,20.91,0.0031529827216546856,31.529827216546856,41.61056897679019,21.889878286527214,31.87249575742331
ADASTRA,MI300,Llama-3.1-8B-Instruct,Text Generation,sharegpt,vllm,benchmark_serving.py,1000,2,4,16,8,1,4096,,89.6,89.6,197.17,353.5,2255.21,57.14,87.71,6014.76,30.35,0.00041665625026041016,4.166562502604101,60.39525037592369,30.505452147892683,31.71276106602511
ADASTRA,MI300,Mistral-7B-Instruct-v0.3,Text Generation,sharegpt,vllm,benchmark_serving.py,250,4,4,64,16,1,4096,,89.6,89.6,191.74,272.0,168.38,44.09,45.11,3981.11,17.42,0.003882288997592981,38.82288997592981,34.68821601938713,20.763064566600605,31.637956699719954
ADASTRA,MI300,Llama-3.1-8B-Instruct,Text Generation,sharegpt,vllm,benchmark_serving.py,1000,2,4,16,8,1,16384,,89.6,89.6,202.0,345.5,2233.86,57.0,74.82,5983.89,30.21,0.0004227114402624192,4.227114402624192,60.11649852845813,29.62321782178218,31.356258099538287
ADASTRA,MI300,Llama-3.1-8B-Instruct,Text Generation,sharegpt,vllm,benchmark_serving.py,150,2,4,16,8,1,4096,,89.6,89.6,230.59,380.0,194.17,31.43,33.99,3787.28,19.08,0.0038522285141954623,38.522285141954626,37.96871677928519,16.4243028752331,31.262717573296133
ADASTRA,MI300,Mistral-7B-Instruct-v0.3,Text Generation,sharegpt,vllm,benchmark_serving.py,250,2,4,16,8,1,4096,,89.6,89.6,201.58,326.0,139.46,31.99,31.83,3190.53,13.97,0.004919323101141283,49.19323101141283,27.818195724762056,15.827611866256573,31.248720887501566
ADASTRA,MI300,Mistral-7B-Instruct-v0.3,Text Generation,sharegpt,vllm,benchmark_serving.py,250,4,4,64,16,1,32768,,89.6,89.6,196.2,282.0,173.09,44.07,45.3,3988.66,17.4,0.003810104396860474,38.10104396860474,34.64884899377443,20.329561671763507,31.24042334217324
ADASTRA,MI300,Mistral-7B-Instruct-v0.3,Text Generation,sharegpt,vllm,benchmark_serving.py,250,4,4,64,16,1,16384,,89.6,89.6,189.3,265.0,171.38,44.92,45.97,3893.8,17.04,0.0038128646051778705,38.1286460517787,33.9315093432613,20.56946645536186,31.0826821000294
ADASTRA,MI300,Llama-3.1-8B-Instruct,Text Generation,sharegpt,vllm,benchmark_serving.py,150,2,4,16,8,1,16384,,89.6,89.6,237.81,376.0,208.79,31.16,34.73,3799.84,19.13,0.0036405999708752,36.405999708752,38.068347852955114,15.978470207308355,30.434388637319095
ADASTRA,MI300,Mistral-7B-Instruct-v0.3,Text Generation,sharegpt,vllm,benchmark_serving.py,300,2,4,16,8,1,16384,,89.6,89.6,215.05,329.0,369.67,36.04,39.41,5110.19,22.33,0.002246585190510424,22.46585190510424,44.4656982145223,23.762799348988604,30.36082283234938
ADASTRA,MI300,Llama-3.1-8B-Instruct,Text Generation,sonnet,vllm,benchmark_serving.py,500,4,4,64,16,1,4096,,89.6,89.6,182.94,280.0,941.05,109.21,109.21,4333.77,28.89,0.0008624630218979361,8.62463021897936,57.397374675083555,23.689570350934737,30.02814417628051
ADASTRA,MI300,Mistral-7B-Instruct-v0.3,Text Generation,sonnet,vllm,benchmark_serving.py,300,2,4,16,8,1,16384,,89.6,89.6,199.34,337.0,386.0,117.74,117.74,3990.48,26.61,0.0016090622385273863,16.090622385273864,52.86746017639635,20.01846092103943,29.85165556570049
ADASTRA,MI300,Llama-3.1-8B-Instruct,Text Generation,sharegpt,vllm,benchmark_serving.py,150,2,4,16,8,1,32768,,89.6,89.6,221.88,373.5,231.73,31.33,33.87,3778.33,19.04,0.003367797123901256,33.677971239012564,37.889067012168944,17.02870921218677,29.781979953301477
ADASTRA,MI300,Mistral-7B-Instruct-v0.3,Text Generation,sharegpt,vllm,benchmark_serving.py,300,4,4,64,16,1,32768,,89.6,89.6,191.44,276.0,217.29,49.8,52.45,4069.44,17.8,0.003129498654315579,31.294986543155787,35.444961392039616,21.256999582114503,29.49382216424308
ADASTRA,MI300,Mistral-7B-Instruct-v0.3,Text Generation,sharegpt,vllm,benchmark_serving.py,500,2,4,16,8,1,32768,,89.6,89.6,183.28,321.0,801.23,48.66,56.65,5456.59,23.92,0.0011030952853707504,11.030952853707504,47.631199578141455,29.77187909209952,29.472133136300492
ADASTRA,MI300,Mistral-7B-Instruct-v0.3,Text Generation,sharegpt,vllm,benchmark_serving.py,500,2,4,16,8,1,4096,,89.6,89.6,197.55,323.5,773.79,47.32,55.02,5572.81,24.4,0.0011413831280746008,11.413831280746008,48.587265441175155,28.209617818273856,29.42745058730083
ADASTRA,MI300,Llama-3.1-8B-Instruct,Text Generation,sharegpt,vllm,benchmark_serving.py,1000,2,4,16,8,1,32768,,89.6,89.6,197.19,328.5,2480.61,64.78,97.07,5487.64,27.63,0.0003784352459450663,3.7843524594506626,54.983162456235135,27.829200263705058,28.88629915571879
ADASTRA,MI300,Mistral-7B-Instruct-v0.3,Text Generation,sharegpt,vllm,benchmark_serving.py,300,4,4,64,16,1,4096,,89.6,89.6,192.48,273.0,239.74,51.2,53.48,3982.35,17.34,0.002903431856454329,29.03431856454329,34.52965054791746,20.689682044887782,28.23244775260075
ADASTRA,MI300,Llama-3.1-8B-Instruct,Text Generation,sonnet,vllm,benchmark_serving.py,150,2,4,16,8,1,32768,,89.6,89.6,233.69,390.0,614.21,32.77,32.77,3953.53,26.36,0.001471129091577786,14.71129091577786,52.370819696021755,16.917839873336472,28.22162636747954
ADASTRA,MI300,Mistral-7B-Instruct-v0.3,Text Generation,sharegpt,vllm,benchmark_serving.py,500,2,4,16,8,1,16384,,89.6,89.6,208.93,333.0,780.58,50.02,57.54,5417.05,23.71,0.0011259486117053618,11.259486117053617,47.21335089215478,25.927583401139138,28.17759127149538
ADASTRA,MI300,Llama-3.1-8B-Instruct,Text Generation,sharegpt,vllm,benchmark_serving.py,500,4,4,64,16,1,4096,,89.6,89.6,180.74,269.0,443.98,75.59,94.24,4368.87,21.99,0.001629168635245434,16.29168635245434,43.75974241948046,24.172125705433217,28.152566008196466
ADASTRA,MI300,Mistral-7B-Instruct-v0.3,Text Generation,sharegpt,vllm,benchmark_serving.py,150,2,4,16,8,1,32768,,89.6,89.6,226.99,376.0,211.4,31.79,34.97,3619.72,15.87,0.003595053206787461,35.95053206787461,31.60144922832332,15.946605577338207,28.07058742545552
ADASTRA,MI300,Mistral-7B-Instruct-v0.3,Text Generation,sharegpt,vllm,benchmark_serving.py,300,4,4,64,16,1,16384,,89.6,89.6,189.31,265.0,234.1,52.62,54.7,3885.6,17.05,0.002928943822857478,29.28943822857478,33.95102302281783,20.525064708678887,28.069777532250733
ADASTRA,MI300,Mistral-7B-Instruct-v0.3,Text Generation,sharegpt,vllm,benchmark_serving.py,150,2,4,16,8,1,4096,,89.6,89.6,229.8,383.5,209.44,32.12,35.05,3579.9,15.63,0.0036151982936264053,36.151982936264055,31.124110770873834,15.578328981723237,27.85893713457832
ADASTRA,MI300,Llama-3.1-8B-Instruct,Text Generation,sharegpt,vllm,benchmark_serving.py,500,4,4,64,16,1,32768,,89.6,89.6,186.97,276.0,516.64,73.95,87.61,4409.57,22.21,0.001474491300501327,14.74491300501327,44.19738782159765,23.584371824356847,27.58738126484191
ADASTRA,MI300,Mistral-7B-Instruct-v0.3,Text Generation,sonnet,vllm,benchmark_serving.py,150,2,4,16,8,1,4096,,89.6,89.6,234.91,393.5,716.38,31.88,31.88,3948.51,26.32,0.0012818212115774093,12.818212115774093,52.291435457617055,16.80860755182836,27.516034591538066
ADASTRA,MI300,Mistral-7B-Instruct-v0.3,Text Generation,sonnet,vllm,benchmark_serving.py,150,2,4,16,8,1,16384,,89.6,89.6,237.31,393.5,743.89,31.65,31.65,3980.03,26.53,0.0012388656945700517,12.388656945700516,52.70865575456252,16.771438203194133,27.499946543111555
ADASTRA,MI300,Llama-3.1-8B-Instruct,Text Generation,sonnet,vllm,benchmark_serving.py,150,2,4,16,8,1,16384,,89.6,89.6,245.05,384.5,625.67,33.42,33.42,3874.74,25.83,0.0014440224689896176,14.440224689896176,51.31790184511494,15.812038359518464,27.417615296949688
ADASTRA,MI300,Llama-3.1-8B-Instruct,Text Generation,sonnet,vllm,benchmark_serving.py,150,2,4,16,8,1,4096,,89.6,89.6,241.62,396.0,640.74,33.28,33.28,3853.0,25.69,0.0014138272303124558,14.138272303124559,51.03969123595854,15.946527605330685,27.26339643699408
ADASTRA,MI300,Llama-3.1-8B-Instruct,Text Generation,sharegpt,vllm,benchmark_serving.py,500,4,4,64,16,1,16384,,89.6,89.6,182.13,271.0,847.11,69.63,81.47,4562.47,22.98,0.0010017932098456237,10.017932098456237,45.7296712863514,25.05062318124417,26.97038456883273
ADASTRA,MI300,Mistral-7B-Instruct-v0.3,Text Generation,sonnet,vllm,benchmark_serving.py,150,2,4,16,8,1,32768,,89.6,89.6,237.86,389.0,787.13,32.4,32.39,3867.52,25.79,0.0011738191379472252,11.738191379472253,51.23832461324683,16.259648532750358,26.615102968004607
ADASTRA,MI300,Mistral-7B-Instruct-v0.3,Text Generation,sharegpt,vllm,benchmark_serving.py,1000,2,4,16,8,1,32768,,89.6,89.6,193.81,327.0,2265.41,55.25,80.94,5342.93,23.33,0.00041638907395069954,4.1638907395069955,46.45714404445554,27.567875754605026,26.032872068020872
ADASTRA,MI300,Mistral-7B-Instruct-v0.3,Text Generation,sharegpt,vllm,benchmark_serving.py,1000,2,4,16,8,1,4096,,89.6,89.6,192.71,327.0,2736.33,52.62,71.4,5340.9,23.35,0.0003496075655077176,3.496075655077176,46.49671995153097,27.71470084583052,25.866254776912537
ADASTRA,MI300,Mistral-7B-Instruct-v0.3,Text Generation,sharegpt,vllm,benchmark_serving.py,1000,2,4,16,8,1,16384,,89.6,89.6,201.72,331.5,2600.6,54.82,77.17,5299.67,23.18,0.0003659531799501572,3.659531799501572,46.15811101195787,26.272407297243706,25.345168891014197
ADASTRA,MI300,Mistral-7B-Instruct-v0.3,Text Generation,sharegpt,vllm,benchmark_serving.py,150,2,4,16,8,1,16384,,89.6,89.6,235.32,375.0,275.71,32.0,36.17,3576.19,15.61,0.0029079911597068744,29.079911597068744,31.084317556656828,15.197135815060344,25.318921373086006
ADASTRA,MI300,Llama-3.1-8B-Instruct,Text Generation,sharegpt,vllm,benchmark_serving.py,1000,4,4,64,16,1,4096,,89.6,89.6,181.52,269.0,2065.84,93.53,144.15,4224.46,21.31,0.000434118219073418,4.341182190734179,42.40608539793724,23.27269722344645,23.34133409165115
ADASTRA,MI300,Llama-3.1-8B-Instruct,Text Generation,sharegpt,vllm,benchmark_serving.py,1000,4,4,64,16,1,16384,,89.6,89.6,181.29,272.0,2606.19,95.42,170.28,4192.29,21.11,0.0003482027514981423,3.482027514981423,42.00846912232401,23.124772464007943,22.86669604516639
ADASTRA,MI300,Llama-3.1-8B-Instruct,Text Generation,sharegpt,vllm,benchmark_serving.py,1000,4,4,64,16,1,32768,,89.6,89.6,180.41,274.5,2562.68,92.89,129.65,4130.96,20.85,0.00035903806521567417,3.5903806521567416,41.49058651527888,22.89762208303309,22.6547679034987
ADASTRA,MI300,Llama-3.1-8B-Instruct,Text Generation,sharegpt,vllm,benchmark_serving.py,150,4,4,64,16,1,16384,,89.6,89.6,206.65,277.0,316.7,43.18,48.41,2867.39,14.5,0.0024492395111317938,24.492395111317936,28.85408880977414,13.875586740866197,22.57799229024849
ADASTRA,MI300,Llama-3.1-8B-Instruct,Text Generation,sharegpt,vllm,benchmark_serving.py,150,4,4,64,16,1,32768,,89.6,89.6,199.26,274.5,316.64,43.8,48.85,2830.3,14.24,0.002443255393486281,24.43255393486281,28.337426789568784,14.204055003513,22.4870910474309
ADASTRA,MI300,Llama-3.1-8B-Instruct,Text Generation,sonnet,vllm,benchmark_serving.py,150,1,4,4,4,1,16384,,89.6,89.6,269.86,542.5,492.27,87.76,87.76,3037.88,20.25,0.0014974767516734303,14.974767516734303,40.231821407199824,11.257244497146669,22.372558473224537
ADASTRA,MI300,Mistral-7B-Instruct-v0.3,Text Generation,sharegpt,vllm,benchmark_serving.py,500,4,4,64,16,1,4096,,89.6,89.6,187.37,276.0,897.85,74.27,85.99,4003.88,17.54,0.0009450813242479516,9.450813242479516,34.9269935495422,21.36884239739553,21.926483876453954
ADASTRA,MI300,Llama-3.1-8B-Instruct,Text Generation,sharegpt,vllm,benchmark_serving.py,150,4,4,64,16,1,4096,,89.6,89.6,206.9,280.0,326.43,44.58,50.04,2787.03,14.03,0.002375014843842774,23.75014843842774,27.919452564386336,13.470420492991783,21.87819889871416
ADASTRA,MI300,Mistral-7B-Instruct-v0.3,Text Generation,sharegpt,vllm,benchmark_serving.py,500,4,4,64,16,1,32768,,89.6,89.6,186.8,279.0,969.06,75.91,88.52,4002.34,17.63,0.0008822309857166804,8.822309857166804,35.105363572364965,21.42580299785867,21.79166592535558
ADASTRA,MI300,Mistral-7B-Instruct-v0.3,Text Generation,sharegpt,vllm,benchmark_serving.py,500,4,4,64,16,1,16384,,89.6,89.6,176.4,262.0,874.23,80.81,94.61,3830.83,16.82,0.0009526985185538038,9.526985185538038,33.49294275726742,21.71672335600907,21.576126974476757
ADASTRA,MI300,gemma-3-12b-it,Text Generation,vllm,results,benchmark_serving.py,500,2,4,16,8,1,4096,,102.4,102.4,207.51,352.5,1561.23,145.03,145.03,3217.23,21.45,0.0005401638857229283,5.401638857229283,42.6158703545889,15.50397571201388,21.287225359862624
ADASTRA,MI300,Llama-3.1-8B-Instruct,Text Generation,sonnet,vllm,benchmark_serving.py,150,4,4,64,16,1,16384,,89.6,89.6,215.78,298.0,1036.04,42.01,42.01,2994.48,19.96,0.0008928093137867615,8.928093137867615,39.65567123578509,13.877467791268884,20.959269580247966
ADASTRA,MI300,Mistral-7B-Instruct-v0.3,Text Generation,sonnet,vllm,benchmark_serving.py,150,4,4,64,16,1,32768,,89.6,89.6,211.86,288.0,1109.84,42.92,42.92,2915.2,19.44,0.0008363441723538069,8.36344172353807,38.62244636480114,13.760030208628338,20.378411616796402
ADASTRA,MI300,Llama-3.1-8B-Instruct,Text Generation,sonnet,vllm,benchmark_serving.py,150,4,4,64,16,1,32768,,89.6,89.6,213.75,284.0,1133.02,42.47,42.47,2927.56,19.52,0.0008210450261092318,8.210450261092317,38.7814183530817,13.696187134502924,20.3600152118601
ADASTRA,MI300,Mistral-7B-Instruct-v0.3,Text Generation,sharegpt,vllm,benchmark_serving.py,150,4,4,64,16,1,16384,,89.6,89.6,203.4,280.0,336.12,44.31,50.45,2728.48,11.93,0.0023208317861121426,23.208317861121426,23.756128754456448,13.414355948869224,20.26050575293463
ADASTRA,MI300,Mistral-7B-Instruct-v0.3,Text Generation,sonnet,vllm,benchmark_serving.py,150,4,4,64,16,1,16384,,89.6,89.6,218.93,299.0,1135.28,42.82,42.82,2913.21,19.42,0.0008190544835042428,8.190544835042427,38.58279987587933,13.306582012515415,20.161043445718335
ADASTRA,MI300,Mistral-7B-Instruct-v0.3,Text Generation,sharegpt,vllm,benchmark_serving.py,1000,4,4,64,16,1,16384,,89.6,89.6,177.03,266.0,2282.93,91.2,144.73,3921.19,17.19,0.0003970049943228286,3.970049943228286,34.229940280013615,22.14986160537762,20.075952389623087
ADASTRA,MI300,Mistral-7B-Instruct-v0.3,Text Generation,sharegpt,vllm,benchmark_serving.py,150,4,4,64,16,1,32768,,89.6,89.6,211.86,297.0,342.59,44.53,50.42,2715.24,11.85,0.0022855053252274077,22.855053252274075,23.59701660011221,12.816199376947038,19.89488755043439
ADASTRA,MI300,Mistral-7B-Instruct-v0.3,Text Generation,sharegpt,vllm,benchmark_serving.py,1000,4,4,64,16,1,4096,,89.6,89.6,187.2,281.0,2186.04,85.95,111.33,3911.82,17.14,0.0004195827668965981,4.195827668965981,34.13045426779606,20.896474358974363,19.71780765337089
ADASTRA,MI300,Mistral-7B-Instruct-v0.3,Text Generation,sharegpt,vllm,benchmark_serving.py,1000,4,4,64,16,1,32768,,89.6,89.6,188.92,277.0,2206.21,87.32,136.82,3938.09,17.16,0.00041146336947353254,4.114633694735326,34.17110139687757,20.845278424730047,19.687639027062
ADASTRA,MI300,Mistral-7B-Instruct-v0.3,Text Generation,sonnet,vllm,benchmark_serving.py,150,4,4,64,16,1,4096,,89.6,89.6,211.27,283.0,1221.09,43.85,43.85,2812.55,18.75,0.000764064517607867,7.64064517607867,37.25166001483417,13.312585790694373,19.523411217932566
ADASTRA,MI300,Mistral-7B-Instruct-v0.3,Text Generation,sharegpt,vllm,benchmark_serving.py,150,4,4,64,16,1,4096,,89.6,89.6,211.61,299.0,383.59,43.4,50.7,2760.56,12.0,0.0020934078586531016,20.934078586531015,23.89612488097643,13.045508246302159,19.416831817769225
ADASTRA,MI300,Llama-3.1-8B-Instruct,Text Generation,sonnet,vllm,benchmark_serving.py,150,4,4,64,16,1,4096,,89.6,89.6,213.26,282.0,1236.86,44.3,44.3,2789.69,18.6,0.0007544550571122479,7.544550571122479,36.9536151893145,13.081168526681047,19.31535028708651
ADASTRA,MI300,gemma-3-12b-it,Text Generation,vllm,results,benchmark_serving.py,250,2,4,16,8,1,4096,,102.4,102.4,217.17,329.0,735.42,98.31,98.31,2419.98,16.13,0.0010729153255225098,10.729153255225098,32.046399711014686,11.14325183036331,18.109528594237787
ADASTRA,MI300,gemma-3-12b-it,Text Generation,vllm,results,benchmark_serving.py,250,1,4,4,4,1,16384,,96.0,96.0,238.37,360.67,521.81,90.38,91.76,2359.76,14.6,0.0014205554371759359,14.205554371759359,29.020448457689653,9.899567898644964,17.864702689579055
ADASTRA,MI300,gemma-3-12b-it,Text Generation,vllm,results,benchmark_serving.py,250,1,4,4,4,1,32768,,100.27,100.27,238.35,350.0,463.75,94.22,95.71,2271.56,14.03,0.0015298005140129726,15.298005140129726,27.887754846669786,9.530354520662891,17.73287184212396
ADASTRA,MI300,gemma-3-12b-it,Text Generation,vllm,results,benchmark_serving.py,250,1,4,4,4,1,4096,,100.27,100.27,238.24,352.33,497.66,92.93,93.87,2298.03,14.18,0.00146100575636268,14.6100575636268,28.186077735153813,9.645861316319678,17.637361622807706
ADASTRA,MI300,gemma-3-12b-it,Text Generation,vllm,results,benchmark_serving.py,300,4,4,64,16,1,32768,,102.4,102.4,206.06,307.0,810.15,106.03,106.03,2346.87,15.65,0.0009782725663024232,9.782725663024232,31.092659956317835,11.389255556633989,17.54219288869918
ADASTRA,MI300,gemma-3-12b-it,Text Generation,vllm,results,benchmark_serving.py,300,2,4,16,8,1,4096,,102.4,102.4,212.8,324.0,737.03,106.2,106.2,2321.35,15.48,0.0010532635370696102,10.532635370696102,30.754909856515024,10.90859962406015,17.528517256951034
ADASTRA,MI300,gemma-3-12b-it,Text Generation,vllm,results,benchmark_serving.py,250,2,4,16,8,1,32768,,102.4,102.4,202.8,306.0,804.37,101.97,101.97,2322.61,15.48,0.0009917584869732522,9.917584869732522,30.755020379882726,11.452712031558185,17.493553634967803
ADASTRA,MI300,gemma-3-12b-it,Text Generation,vllm,results,benchmark_serving.py,300,1,4,4,4,1,16384,,96.0,96.0,236.32,363.67,617.26,97.0,98.72,2403.49,14.81,0.0012300425594725577,12.300425594725576,29.4386030682711,10.170489167230873,17.44582627893275
ADASTRA,MI300,gemma-3-12b-it,Text Generation,vllm,results,benchmark_serving.py,250,4,4,64,16,1,32768,,102.4,102.4,205.81,295.5,690.26,108.67,108.67,2197.75,14.65,0.001101806963420009,11.01806963420009,29.105982191285477,10.678538457800885,17.05930992716138
ADASTRA,MI300,gemma-3-12b-it,Text Generation,vllm,results,benchmark_serving.py,300,1,4,4,4,1,4096,,100.27,100.27,236.16,356.33,640.85,101.9,103.41,2310.6,14.17,0.0011818095868393686,11.818095868393685,28.167261277459705,9.784044715447154,16.725915738533246
ADASTRA,MI300,gemma-3-12b-it,Text Generation,vllm,results,benchmark_serving.py,250,4,4,64,16,1,16384,,102.4,102.4,208.62,296.5,654.04,114.52,114.52,2101.45,14.01,0.0011324002355392491,11.32400235539249,27.834432700216496,10.073099415204677,16.53725973177255
ADASTRA,MI300,gemma-3-12b-it,Text Generation,vllm,results,benchmark_serving.py,500,1,4,4,4,1,16384,,96.0,96.0,227.56,365.67,1226.49,156.57,159.69,2565.46,15.8,0.0006481931615621455,6.4819316156214555,31.406575083486366,11.273773949727545,16.489699941609473
ADASTRA,MI300,gemma-3-12b-it,Text Generation,vllm,results,benchmark_serving.py,300,1,4,4,4,1,32768,,100.27,100.27,237.64,355.67,667.45,102.4,103.95,2291.29,14.05,0.0011444266422522315,11.444266422522315,27.92874326563544,9.641853223363071,16.47221632544982
ADASTRA,MI300,gemma-3-12b-it,Text Generation,vllm,results,benchmark_serving.py,300,4,4,64,16,1,16384,,102.4,102.4,206.3,304.0,860.1,117.72,117.72,2165.04,14.44,0.0009127918651988974,9.127918651988974,28.688657477930512,10.494619486185167,16.21591411975188
ADASTRA,MI300,gemma-3-12b-it,Text Generation,vllm,results,benchmark_serving.py,300,4,4,64,16,1,4096,,102.4,102.4,205.25,292.5,781.76,119.9,119.9,2125.73,14.17,0.0009788950232977017,9.788950232977017,28.152338053180056,10.356784409257004,16.21420902825565
ADASTRA,MI300,gemma-3-12b-it,Text Generation,vllm,results,benchmark_serving.py,500,1,4,4,4,1,4096,,100.27,100.27,227.11,357.33,1124.92,163.62,172.01,2474.42,15.18,0.0006846735818698435,6.846735818698435,30.174883997429305,10.89524899828277,16.07383041693392
ADASTRA,MI300,gemma-3-12b-it,Text Generation,vllm,results,benchmark_serving.py,500,1,4,4,4,1,32768,,100.27,100.27,225.85,354.33,1220.59,166.64,170.0,2434.32,14.92,0.0006421658971378666,6.421658971378666,29.658224102170465,10.778481292893515,15.71627425873263
ADASTRA,MI300,gemma-3-12b-it,Text Generation,vllm,results,benchmark_serving.py,500,4,4,64,16,1,32768,,102.4,102.4,203.38,312.0,1759.52,207.29,207.29,2284.71,15.23,0.00045996044340186745,4.599604434018675,30.258296564258202,11.233700462189006,15.44647048731462
ADASTRA,MI300,gemma-3-12b-it,Text Generation,vllm,results,benchmark_serving.py,500,4,4,64,16,1,16384,,102.4,102.4,199.94,309.0,1389.79,217.06,217.06,2213.85,14.76,0.000548272666962734,5.48272666962734,29.32449015305504,11.072571771531459,15.377676686602078
ADASTRA,MI300,gemma-3-12b-it,Text Generation,vllm,results,benchmark_serving.py,300,2,4,16,8,1,32768,,102.4,102.4,211.41,314.0,1009.64,117.6,117.6,2090.85,13.94,0.0008033160888146269,8.033160888146268,27.695351080155266,9.890024123740599,15.312501788819514
ADASTRA,MI300,gemma-3-12b-it,Text Generation,vllm,results,benchmark_serving.py,250,4,4,64,16,1,4096,,102.4,102.4,204.01,284.5,688.22,125.65,125.65,1923.02,12.82,0.001064373297002725,10.64373297002725,25.47020042978758,9.426106563403755,15.295091456226245
ADASTRA,MI300,gemma-3-12b-it,Text Generation,vllm,results,benchmark_serving.py,1000,2,4,16,8,1,4096,,102.4,102.4,205.72,352.5,4517.65,388.39,388.39,2403.66,16.03,0.00018887774510192786,1.8887774510192785,31.847608412647904,11.68413377406183,15.209294001346628
ADASTRA,MI300,gemma-3-12b-it,Text Generation,vllm,results,benchmark_serving.py,500,4,4,64,16,1,4096,,102.4,102.4,197.92,296.0,1579.81,222.36,222.36,2152.81,14.35,0.000493941803776679,4.9394180377667904,28.50996096273464,10.877172594987874,14.853484090566607
ADASTRA,MI300,gemma-3-12b-it,Text Generation,vllm,results,benchmark_serving.py,1000,4,4,64,16,1,32768,,102.4,102.4,201.69,322.5,3132.23,447.32,447.33,2139.84,14.27,0.00024833121424030515,2.4833121424030513,28.350935467548084,10.60954930834449,13.878699966053624
ADASTRA,MI300,gemma-3-12b-it,Text Generation,vllm,results,benchmark_serving.py,1000,4,4,64,16,1,16384,,102.4,102.4,195.93,317.5,3114.9,454.11,454.11,2110.08,14.07,0.00024856330410228875,2.4856330410228873,27.953605536332184,10.769560557341906,13.795600494650134
ADASTRA,MI300,gemma-3-12b-it,Text Generation,vllm,results,benchmark_serving.py,1000,4,4,64,16,1,4096,,102.4,102.4,189.4,303.0,3097.99,467.23,467.24,2054.0,13.69,0.00024798758078195445,2.4798758078195444,27.19871934380879,10.844772967265047,13.56104970107845
ADASTRA,MI300,gemma-3-12b-it,Text Generation,vllm,results,benchmark_serving.py,1000,1,4,4,4,1,32768,,100.27,100.27,223.76,356.0,3231.72,347.54,377.03,2179.84,13.25,0.0002527620573820423,2.527620573820423,26.33989485155648,9.741866285305687,12.932352455925965
ADASTRA,MI300,gemma-3-12b-it,Text Generation,vllm,results,benchmark_serving.py,1000,1,4,4,4,1,16384,,96.0,96.0,223.82,356.0,3090.38,377.18,411.88,2049.6,12.35,0.0002577691625595447,2.5776916255954467,24.552059943257596,9.157358591725494,12.154470282762192
ADASTRA,MI300,gemma-3-12b-it,Text Generation,vllm,results,benchmark_serving.py,500,2,4,16,8,1,32768,,102.4,102.4,210.72,318.0,1801.97,272.34,272.35,1763.75,11.76,0.00042613757425447236,4.261375742544724,23.364216478645574,8.370111996962795,12.071137194232797
ADASTRA,MI300,gemma-3-12b-it,Text Generation,vllm,results,benchmark_serving.py,1000,1,4,4,4,1,4096,,100.27,100.27,223.7,351.0,3121.85,401.34,439.37,1960.93,11.75,0.00025236210934345476,2.5236210934345475,23.36002544761441,8.765891819400984,11.605525206164963
ADASTRA,MI300,gemma-3-12b-it,Text Generation,vllm,results,benchmark_serving.py,1000,2,4,16,8,1,32768,,102.4,102.4,209.43,328.0,3902.19,546.04,546.05,1752.04,11.68,0.00020022906204698177,2.0022906204698177,23.205301521783504,8.365754667430645,11.247622821943937
ADASTRA,MI300,gemma-3-12b-it,Text Generation,vllm,results,benchmark_serving.py,150,1,4,4,4,1,16384,,96.0,96.0,258.38,364.33,2580.4,105.22,110.42,1154.54,6.92,0.0003576486745540121,3.5764867455401212,13.757541025950095,4.468379905565446,7.323451012087617
ADASTRA,MI300,gemma-3-12b-it,Text Generation,vllm,results,benchmark_serving.py,150,1,4,4,4,1,4096,,100.27,100.27,264.52,369.0,2658.25,106.43,112.07,1150.12,6.87,0.00034761449552446336,3.4761449552446337,13.658414333745323,4.34795100559504,7.217094480046999
ADASTRA,MI300,gemma-3-12b-it,Text Generation,vllm,results,benchmark_serving.py,150,1,4,4,4,1,32768,,100.27,100.27,265.91,366.0,2670.78,106.01,111.76,1148.39,6.86,0.00034619445742673654,3.4619445742673656,13.638529149534735,4.318716859087661,7.196150461000766
ADASTRA,MI300,gemma-3-12b-it,Text Generation,vllm,results,benchmark_serving.py,250,2,4,16,8,1,16384,,102.4,102.4,223.02,322.0,4643.72,197.35,197.34,1097.33,7.32,0.00019847531264823623,1.9847531264823624,14.542987552618479,4.920321047439691,7.193934566074988
ADASTRA,MI300,gemma-3-12b-it,Text Generation,vllm,results,benchmark_serving.py,300,2,4,16,8,1,16384,,102.4,102.4,219.03,313.0,5559.67,251.68,251.68,980.64,6.54,0.00016493403463284858,1.649340346328486,12.993345894365769,4.47719490480756,6.4112156913744665
ADASTRA,MI300,gemma-3-12b-it,Text Generation,vllm,results,benchmark_serving.py,1000,2,4,16,8,1,16384,,102.4,102.4,208.59,320.0,29599.65,726.5,726.5,1017.06,6.78,3.2203370726813976e-05,0.3220337072681398,13.470203938115331,4.875880914713073,6.249642692138564
ADASTRA,MI300,gemma-3-12b-it,Text Generation,vllm,results,benchmark_serving.py,500,2,4,16,8,1,16384,,102.4,102.4,218.98,323.0,10570.97,431.15,431.14,993.07,6.62,8.746411784565384e-05,0.8746411784565383,13.152324020446338,4.534980363503517,6.220361883948103
ADASTRA,MI300,gemma-3-12b-it,Text Generation,vllm,results,benchmark_serving.py,150,4,4,64,16,1,4096,,102.4,102.4,227.12,306.5,3332.85,173.46,173.46,756.4,5.04,0.0002717561151919821,2.717561151919821,10.013280100861527,3.3303980274744625,5.394213394737487
ADASTRA,MI300,gemma-3-12b-it,Text Generation,vllm,results,benchmark_serving.py,150,4,4,64,16,1,16384,,102.4,102.4,231.69,320.5,3093.89,179.34,179.34,738.22,4.92,0.00028963931216456146,2.8963931216456147,9.774853728772506,3.1862402347964953,5.32782080427704
ADASTRA,MI300,gemma-3-12b-it,Text Generation,vllm,results,benchmark_serving.py,150,2,4,16,8,1,4096,,102.4,102.4,240.77,342.0,3689.21,169.7,169.7,758.08,5.05,0.00024822457373635076,2.4822457373635074,10.033163419076697,3.14856502055904,5.262779919768562
ADASTRA,MI300,gemma-3-12b-it,Text Generation,vllm,results,benchmark_serving.py,150,4,4,64,16,1,32768,,102.4,102.4,237.2,321.0,3043.28,186.32,186.32,712.3,4.75,0.000292746902737769,2.92746902737769,9.437068544731888,3.0029510961214165,5.164887125276111
ADASTRA,MI300,gemma-3-12b-it,Text Generation,vllm,results,benchmark_serving.py,150,2,4,16,8,1,16384,,102.4,102.4,226.37,305.0,4353.83,207.5,207.49,624.74,4.17,0.00020969548022361928,2.096954802236193,8.284701467618579,2.7598179970844194,4.412904890817637
ADASTRA,MI300,gemma-3-12b-it,Text Generation,vllm,results,benchmark_serving.py,150,2,4,16,8,1,32768,,102.4,102.4,229.72,329.0,4098.82,227.24,227.24,575.22,3.84,0.0002196209342674544,2.196209342674544,7.629070562635995,2.5040048755006095,4.141876727965778
ADASTRA,MI300,Llama-3.1-405B,Text Generation,sonnet,vllm,benchmark_serving.py,250,4,4,64,16,1,16384,,102.4,102.4,283.53,362.0,4300.46,797.65,797.65,304.14,2.03,0.00016961341709974628,1.6961341709974629,4.033080968089623,1.072690720558671,2.291194177868384
ADASTRA,MI300,Llama-3.1-405B,Text Generation,sharegpt,vllm,benchmark_serving.py,300,4,4,64,16,1,4096,,96.0,96.0,275.59,345.0,2805.61,633.6,752.78,323.32,1.63,0.0002385501873811722,2.385501873811722,3.2436473303585167,1.1731920606698356,2.2893321888322284
ADASTRA,MI300,Llama-3.1-405B,Text Generation,sonnet,vllm,benchmark_serving.py,500,4,4,64,16,1,4096,,102.4,102.4,285.6,355.0,8774.37,1421.19,1421.19,339.78,2.27,8.608259625110291e-05,0.8608259625110292,4.50987048677094,1.189705882352941,2.206742675108811
ADASTRA,MI300,Llama-3.1-405B,Text Generation,sonnet,vllm,benchmark_serving.py,250,4,4,64,16,1,32768,,102.4,102.4,284.67,353.0,4938.94,828.85,828.85,291.76,1.95,0.0001515923257900992,1.515923257900992,3.874107112457866,1.024906031545298,2.160580256016507
ADASTRA,MI300,Llama-3.1-405B,Text Generation,sonnet,vllm,benchmark_serving.py,500,4,4,64,16,1,16384,,102.4,102.4,280.43,358.0,8278.42,1528.85,1528.85,317.49,2.12,8.821360394914661e-05,0.8821360394914661,4.211875723538062,1.132154191776914,2.0942533407986526
ADASTRA,MI300,Llama-3.1-405B,Text Generation,sonnet,vllm,benchmark_serving.py,300,4,4,64,16,1,4096,,102.4,102.4,285.47,354.0,4972.17,992.39,992.39,276.4,1.84,0.00014374115093539552,1.4374115093539552,3.6556641748131113,0.9682278347987527,2.0414786397524036
ADASTRA,MI300,Llama-3.1-405B,Text Generation,sharegpt,vllm,benchmark_serving.py,500,4,4,64,16,1,4096,,96.0,96.0,275.83,354.0,5766.14,763.78,1072.5,340.31,1.75,0.00013153706319829738,1.3153706319829739,3.482093784716132,1.2337671754341444,2.025943397816622
ADASTRA,MI300,Llama-3.1-405B,Text Generation,sonnet,vllm,benchmark_serving.py,250,4,4,64,16,1,4096,,102.4,102.4,283.36,370.0,4760.95,924.86,924.86,262.75,1.75,0.00015127059738271614,1.5127059738271613,3.4768431001890363,0.9272656691134952,1.9931716992818258
ADASTRA,MI300,Llama-3.1-405B,Text Generation,sharegpt,vllm,benchmark_serving.py,250,4,4,64,16,1,32768,,96.0,96.0,274.34,352.0,2467.82,675.17,753.7,241.95,1.23,0.00025662806125198564,2.5662806125198565,2.447557364914878,0.8819348253991398,1.9869240564555346
ADASTRA,MI300,Llama-3.1-405B,Text Generation,sonnet,vllm,benchmark_serving.py,300,4,4,64,16,1,32768,,102.4,102.4,280.11,348.0,5572.83,959.23,959.23,271.65,1.81,0.00013348835781287337,1.3348835781287338,3.5960396401667514,0.9697975795223304,1.9868491196676108
ADASTRA,MI300,Llama-3.1-405B,Text Generation,sharegpt,vllm,benchmark_serving.py,250,4,4,64,16,1,16384,,102.4,102.4,295.93,362.0,2610.34,686.09,775.63,252.81,1.28,0.0002455759492738319,2.455759492738319,2.547103782124444,0.8542898658466529,1.9743462705242687
ADASTRA,MI300,Llama-3.1-405B,Text Generation,sonnet,vllm,benchmark_serving.py,300,4,4,64,16,1,16384,,102.4,102.4,276.31,347.0,5244.69,1014.13,1014.13,259.88,1.73,0.000137495789191456,1.3749578919145602,3.4371193761706356,0.9405378017444175,1.9370783677071803
ADASTRA,MI300,Llama-3.1-405B,Text Generation,sharegpt,vllm,benchmark_serving.py,250,4,4,64,16,1,4096,,96.0,96.0,272.64,338.0,2584.45,700.81,791.58,236.81,1.21,0.00024528801718978424,2.4528801718978426,2.407697672464499,0.8685812793427231,1.9305424764728678
ADASTRA,MI300,Llama-3.1-405B,Text Generation,sonnet,vllm,benchmark_serving.py,500,4,4,64,16,1,32768,,102.4,102.4,280.16,347.0,8884.46,1802.49,1802.49,269.99,1.8,8.006764114323782e-05,0.8006764114323781,3.5761580632105665,0.9636993146773272,1.7965075020753458
ADASTRA,MI300,Llama-3.1-405B,Text Generation,sonnet,vllm,benchmark_serving.py,1000,4,4,64,16,1,4096,,102.4,102.4,276.63,364.0,18816.88,3335.6,3335.6,290.51,1.94,3.92340262585491e-05,0.392340262585491,3.854261583176611,1.0501753244405885,1.7799007313801032
ADASTRA,MI300,Llama-3.1-405B,Text Generation,sharegpt,vllm,benchmark_serving.py,300,4,4,64,16,1,32768,,96.0,96.0,262.14,347.5,3344.91,816.15,929.18,221.5,1.13,0.00019645439114855095,1.9645439114855094,2.2485289493778913,0.8449683375295644,1.7028346407030168
ADASTRA,MI300,Llama-3.1-405B,Text Generation,sharegpt,vllm,benchmark_serving.py,300,4,4,64,16,1,16384,,102.4,102.4,283.64,352.5,3382.54,838.69,966.01,226.93,1.16,0.00019278074660127544,1.9278074660127544,2.3082011486693848,0.8000634607248626,1.6962632364238834
ADASTRA,MI300,Llama-3.1-405B,Text Generation,sharegpt,vllm,benchmark_serving.py,1000,4,4,64,16,1,4096,,96.0,96.0,274.72,342.0,18786.08,762.27,1075.13,332.07,1.69,4.848842193461045e-05,0.4848842193461045,3.362885306807287,1.2087580081537563,1.6950442015013552
ADASTRA,MI300,Llama-3.1-405B,Text Generation,sonnet,vllm,benchmark_serving.py,1000,4,4,64,16,1,16384,,102.4,102.4,272.5,340.0,29646.18,3884.3,3884.3,246.38,1.64,2.672740558677613e-05,0.2672740558677613,3.2583114264978628,0.9041467889908257,1.4880260364813764
ADASTRA,MI300,Llama-3.1-405B,Text Generation,sonnet,vllm,benchmark_serving.py,1000,4,4,64,16,1,32768,,102.4,102.4,273.97,362.0,25768.71,4019.64,4019.64,239.91,1.6,2.9578806666708078e-05,0.2957880666670808,3.178800049687384,0.87567981895828,1.461577501627168
ADASTRA,MI300,Llama-3.1-405B,Text Generation,sharegpt,vllm,benchmark_serving.py,500,4,4,64,16,1,16384,,102.4,102.4,274.5,351.0,6536.1,1053.37,1420.74,227.26,1.16,0.00011098520456237978,1.109852045623798,2.3082181945538918,0.8279052823315118,1.4270735720064984
ADASTRA,MI300,Llama-3.1-405B,Text Generation,sharegpt,vllm,benchmark_serving.py,500,4,4,64,16,1,32768,,96.0,96.0,255.13,365.5,6275.03,1041.78,1310.15,219.34,1.12,0.00011591568756549238,1.1591568756549238,2.228620157851765,0.8597185748441971,1.426954135342417
ADASTRA,MI300,Llama-3.1-405B,Text Generation,sharegpt,vllm,benchmark_serving.py,1000,4,4,64,16,1,32768,,96.0,96.0,249.03,359.0,15025.38,1101.39,1474.29,206.1,1.05,5.681476002013516e-05,0.5681476002013516,2.0893555394641568,0.8276111311890133,1.168386629466757
ADASTRA,MI300,Llama-3.1-405B,Text Generation,sharegpt,vllm,benchmark_serving.py,1000,4,4,64,16,1,16384,,102.4,102.4,267.06,364.0,48443.53,1442.75,4000.05,178.95,0.92,1.8557582229110795e-05,0.18557582229110794,1.8305887585478402,0.6700741406425522,0.8999196824908591
ADASTRA,MI300,Llama-3.1-405B,Text Generation,sharegpt,vllm,benchmark_serving.py,150,4,4,64,16,1,32768,,96.0,96.0,288.99,383.5,12142.01,910.14,1311.43,131.72,0.67,6.962052635902749e-05,0.6962052635902749,1.3332185210363323,0.45579431814249627,0.8358582685786453
ADASTRA,MI300,Llama-3.1-405B,Text Generation,sharegpt,vllm,benchmark_serving.py,150,4,4,64,16,1,4096,,96.0,96.0,285.57,362.0,12518.79,935.95,1357.41,127.9,0.66,6.751214374685646e-05,0.6751214374685646,1.3132233976353453,0.4478761774696222,0.8193576207256085
ADASTRA,MI300,Llama-3.1-405B,Text Generation,sharegpt,vllm,benchmark_serving.py,150,4,4,64,16,1,16384,,102.4,102.4,300.81,389.5,16296.51,943.97,1419.59,126.68,0.64,5.359036702434664e-05,0.5359036702434664,1.2735658184103047,0.42112961670157245,0.7499811034867854
ADASTRA,MI300,Llama-3.1-405B,Text Generation,sonnet,vllm,benchmark_serving.py,150,4,4,64,16,1,16384,,102.4,102.4,287.75,394.0,54892.92,1231.42,1231.42,92.85,0.62,1.74350405260082e-05,0.174350405260082,1.231774901037766,0.32267593397046046,0.5813389030118157
ADASTRA,MI300,Llama-3.1-405B,Text Generation,sonnet,vllm,benchmark_serving.py,150,4,4,64,16,1,32768,,102.4,102.4,291.94,395.0,55507.19,1261.77,1261.77,90.88,0.61,1.723224918935192e-05,0.1723224918935192,1.2118657776806208,0.31129684181681166,0.5702390010365873
ADASTRA,MI300,Llama-3.1-405B,Text Generation,sonnet,vllm,benchmark_serving.py,150,4,4,64,16,1,4096,,102.4,102.4,292.04,398.0,56255.07,1257.24,1257.24,90.83,0.61,1.7015614378534462e-05,0.17015614378534463,1.2118613298337708,0.3110190384878783,0.5694120333466204
